证券代码,证券简称,股票简称,
002044.SZ,美年健康,美年健康,0
300015.SZ,爱尔眼科,爱尔眼科,
300244.SZ,迪安诊断,迪安诊断,
600763.SH,通策医疗,通策医疗,
600661.SH,新南洋,新南洋,1
000156.SZ,华数传媒,华数传媒,2
000504.SZ,*ST生物,*ST生物,
000607.SZ,华媒控股,华媒控股,
000665.SZ,湖北广电,湖北广电,
000673.SZ,当代东方,当代东方,
000681.SZ,视觉中国,视觉中国,
000719.SZ,大地传媒,大地传媒,
000793.SZ,华闻传媒,华闻传媒,
000802.SZ,北京文化,北京文化,
002071.SZ,长城影视,长城影视,
002343.SZ,慈文传媒,慈文传媒,
002624.SZ,完美环球,完美环球,
300027.SZ,华谊兄弟,华谊兄弟,
300133.SZ,华策影视,华策影视,
300144.SZ,宋城演艺,宋城演艺,
300148.SZ,天舟文化,天舟文化,
300251.SZ,光线传媒,光线传媒,
600088.SH,中视传媒,中视传媒,
600136.SH,道博股份,道博股份,
600229.SH,城市传媒,城市传媒,
600373.SH,中文传媒,中文传媒,
600551.SH,时代出版,时代出版,
600633.SH,浙报传媒,浙报传媒,
600757.SH,长江传媒,长江传媒,
600825.SH,新华传媒,新华传媒,
600880.SH,博瑞传播,博瑞传播,
601098.SH,中南传媒,中南传媒,
601801.SH,皖新传媒,皖新传媒,
601928.SH,凤凰传媒,凤凰传媒,
601999.SH,出版传媒,出版传媒,
000035.SZ,中国天楹,中国天楹,3
000069.SZ,华侨城A,华侨城A,
000430.SZ,张家界,张家界,
000610.SZ,西安旅游,西安旅游,
000809.SZ,铁岭新城,铁岭新城,
000826.SZ,启迪桑德,启迪桑德,
000888.SZ,峨眉山A,峨眉山A,
000978.SZ,桂林旅游,桂林旅游,
002033.SZ,丽江旅游,丽江旅游,
002059.SZ,云南旅游,云南旅游,
002159.SZ,三特索道,三特索道,
002549.SZ,凯美特气,凯美特气,
002558.SZ,世纪游轮,世纪游轮,
002573.SZ,清新环境,清新环境,
300070.SZ,碧水源,碧水源,
300172.SZ,中电环保,中电环保,
300187.SZ,永清环保,永清环保,
300190.SZ,维尔利,维尔利,
600054.SH,黄山旅游,黄山旅游,
600292.SH,中电远达,中电远达,
600593.SH,大连圣亚,大连圣亚,
600706.SH,曲江文旅,曲江文旅,
600749.SH,西藏旅游,西藏旅游,
900942.SH,黄山B股,黄山B股,
002116.SZ,中国海诚,中国海诚,4
002178.SZ,延华智能,延华智能,
002398.SZ,建研集团,建研集团,
002469.SZ,三维工程,三维工程,
300008.SZ,上海佳豪,上海佳豪,
300012.SZ,华测检测,华测检测,
300125.SZ,易世达,易世达,
300215.SZ,电科院,电科院,
600629.SH,华建集团,华建集团,
600645.SH,中源协和,中源协和,
000058.SZ,深赛格,深赛格,5
000061.SZ,农产品,农产品,
000062.SZ,深圳华强,深圳华强,
000415.SZ,渤海金控,渤海金控,
000796.SZ,凯撒旅游,凯撒旅游,
000861.SZ,海印股份,海印股份,
002143.SZ,印纪传媒,印纪传媒,
002181.SZ,粤传媒,粤传媒,
002183.SZ,怡亚通,怡亚通,
002210.SZ,飞马国际,飞马国际,
002344.SZ,海宁皮城,海宁皮城,
002400.SZ,省广股份,省广股份,
002707.SZ,众信旅游,众信旅游,
002712.SZ,思美传媒,思美传媒,
002769.SZ,普路通,普路通,
200058.SZ,深赛格B,深赛格B,
300058.SZ,蓝色光标,蓝色光标,
300063.SZ,天龙集团,天龙集团,
300071.SZ,华谊嘉信,华谊嘉信,
300178.SZ,腾邦国际,腾邦国际,
600057.SH,象屿股份,象屿股份,
600138.SH,中青旅,中青旅,
600358.SH,国旅联合,国旅联合,
600415.SH,小商品城,小商品城,
600640.SH,号百控股,号百控股,
600790.SH,轻纺城,轻纺城,
601888.SH,中国国旅,中国国旅,
603117.SH,万林股份,万林股份,
603300.SH,华铁科技,华铁科技,
603598.SH,引力传媒,引力传媒,
603729.SH,龙韵股份,龙韵股份,
900929.SH,锦旅B股,锦旅B股,
000503.SZ,海虹控股,海虹控股,6
000555.SZ,神州信息,神州信息,
000839.SZ,中信国安,中信国安,
000892.SZ,星美联合,星美联合,
000917.SZ,电广传媒,电广传媒,
000948.SZ,南天信息,南天信息,
000971.SZ,高升控股,高升控股,
000997.SZ,新大陆,新大陆,
002063.SZ,远光软件,远光软件,
002065.SZ,东华软件,东华软件,
002093.SZ,国脉科技,国脉科技,
002095.SZ,生意宝,生意宝,
002148.SZ,北纬通信,北纬通信,
002153.SZ,石基信息,石基信息,
002174.SZ,游族网络,游族网络,
002195.SZ,二三四五,二三四五,
002230.SZ,科大讯飞,科大讯飞,
002232.SZ,启明信息,启明信息,
002238.SZ,天威视讯,天威视讯,
002253.SZ,川大智胜,川大智胜,
002261.SZ,拓维信息,拓维信息,
002268.SZ,卫士通,卫士通,
002279.SZ,久其软件,久其软件,
002280.SZ,联络互动,联络互动,
002315.SZ,焦点科技,焦点科技,
002316.SZ,键桥通讯,键桥通讯,
002331.SZ,皖通科技,皖通科技,
002354.SZ,天神娱乐,天神娱乐,
002368.SZ,太极股份,太极股份,
002373.SZ,千方科技,千方科技,
002401.SZ,中海科技,中海科技,
002405.SZ,四维图新,四维图新,
002410.SZ,广联达,广联达,
002421.SZ,达实智能,达实智能,
002439.SZ,启明星辰,启明星辰,
002467.SZ,二六三,二六三,
002474.SZ,榕基软件,榕基软件,
002517.SZ,恺英网络,恺英网络,
002544.SZ,杰赛科技,杰赛科技,
002555.SZ,三七互娱,三七互娱,
002609.SZ,捷顺科技,捷顺科技,
002642.SZ,荣之联,荣之联,
300002.SZ,神州泰岳,神州泰岳,
300010.SZ,立思辰,立思辰,
300017.SZ,网宿科技,网宿科技,
300020.SZ,银江股份,银江股份,
300025.SZ,华星创业,华星创业,
300033.SZ,同花顺,同花顺,
300036.SZ,超图软件,超图软件,
300044.SZ,赛为智能,赛为智能,
300047.SZ,天源迪科,天源迪科,
300050.SZ,世纪鼎利,世纪鼎利,
300051.SZ,三五互联,三五互联,
300052.SZ,中青宝,中青宝,
300059.SZ,东方财富,东方财富,
300074.SZ,华平股份,华平股份,
300075.SZ,数字政通,数字政通,
300085.SZ,银之杰,银之杰,
300096.SZ,易联众,易联众,
300098.SZ,高新兴,高新兴,
300104.SZ,乐视网,乐视网,
300113.SZ,顺网科技,顺网科技,
300150.SZ,世纪瑞尔,世纪瑞尔,
300166.SZ,东方国信,东方国信,
300167.SZ,迪威视讯,迪威视讯,
300168.SZ,万达信息,万达信息,
300170.SZ,汉得信息,汉得信息,
300182.SZ,捷成股份,捷成股份,
300183.SZ,东软载波,东软载波,
300188.SZ,美亚柏科,美亚柏科,
300209.SZ,天泽信息,天泽信息,
300212.SZ,易华录,易华录,
300226.SZ,上海钢联,上海钢联,
300229.SZ,拓尔思,拓尔思,
300231.SZ,银信科技,银信科技,
300235.SZ,方直科技,方直科技,
300245.SZ,天玑科技,天玑科技,
300248.SZ,新开普,新开普,
300253.SZ,卫宁健康,卫宁健康,
300264.SZ,佳创视讯,佳创视讯,
300271.SZ,华宇软件,华宇软件,
300275.SZ,梅安森,梅安森,
300277.SZ,海联讯,海联讯,
600037.SH,歌华有线,歌华有线,
600050.SH,中国联通,中国联通,
600289.SH,亿阳信通,亿阳信通,
600406.SH,国电南瑞,国电南瑞,
600410.SH,华胜天成,华胜天成,
600446.SH,金证股份,金证股份,
600476.SH,湘邮科技,湘邮科技,
600536.SH,中国软件,中国软件,
600570.SH,恒生电子,恒生电子,
600571.SH,信雅达,信雅达,
600588.SH,用友网络,用友网络,
600637.SH,东方明珠,东方明珠,
600652.SH,游久游戏,游久游戏,
600654.SH,中安消,中安消,
600718.SH,东软集团,东软集团,
600728.SH,佳都科技,佳都科技,
600756.SH,浪潮软件,浪潮软件,
600764.SH,中电广通,中电广通,
600797.SH,浙大网新,浙大网新,
600804.SH,鹏博士,鹏博士,
600831.SH,广电网络,广电网络,
600845.SH,宝信软件,宝信软件,
600850.SH,华东电脑,华东电脑,
601519.SH,大智慧,大智慧,
900926.SH,宝信B,宝信B,
000007.SZ,全新好,全新好,7
000033.SZ,*ST新都,*ST新都,
000428.SZ,华天酒店,华天酒店,
000524.SZ,岭南控股,岭南控股,
000613.SZ,大东海A,大东海A,
000721.SZ,西安饮食,西安饮食,
002186.SZ,全聚德,全聚德,
002306.SZ,*ST云网,*ST云网,
200613.SZ,大东海B,大东海B,
600258.SH,首旅酒店,首旅酒店,
600754.SH,锦江股份,锦江股份,
601007.SH,金陵饭店,金陵饭店,
900934.SH,锦江B股,锦江B股,
000022.SZ,深赤湾A,深赤湾A,8
000088.SZ,盐田港,盐田港,
000089.SZ,深圳机场,深圳机场,
000099.SZ,中信海直,中信海直,
000429.SZ,粤高速A,粤高速A,
000507.SZ,珠海港,珠海港,
000520.SZ,长航凤凰,长航凤凰,
000548.SZ,湖南投资,湖南投资,
000582.SZ,北部湾港,北部湾港,
000828.SZ,东莞控股,东莞控股,
000900.SZ,现代投资,现代投资,
000905.SZ,厦门港务,厦门港务,
000916.SZ,华北高速,华北高速,
002040.SZ,南京港,南京港,
002245.SZ,澳洋顺昌,澳洋顺昌,
002320.SZ,海峡股份,海峡股份,
002357.SZ,富临运业,富临运业,
002492.SZ,恒基达鑫,恒基达鑫,
002627.SZ,宜昌交运,宜昌交运,
200022.SZ,深赤湾B,深赤湾B,
200053.SZ,深基地B,深基地B,
200152.SZ,山航B,山航B,
200429.SZ,粤高速B,粤高速B,
300013.SZ,新宁物流,新宁物流,
300240.SZ,飞力达,飞力达,
600004.SH,白云机场,白云机场,
600009.SH,上海机场,上海机场,
600012.SH,皖通高速,皖通高速,
600017.SH,日照港,日照港,
600018.SH,上港集团,上港集团,
600020.SH,中原高速,中原高速,
600026.SH,中海发展,中海发展,
600029.SH,南方航空,南方航空,
600033.SH,福建高速,福建高速,
600035.SH,楚天高速,楚天高速,
600106.SH,重庆路桥,重庆路桥,
600115.SH,东方航空,东方航空,
600119.SH,长江投资,长江投资,
600125.SH,铁龙物流,铁龙物流,
600190.SH,锦州港,锦州港,
600221.SH,海南航空,海南航空,
600242.SH,中昌海运,中昌海运,
600269.SH,赣粤高速,赣粤高速,
600270.SH,外运发展,外运发展,
600279.SH,重庆港九,重庆港九,
600317.SH,营口港,营口港,
600350.SH,山东高速,山东高速,
600368.SH,五洲交通,五洲交通,
600377.SH,宁沪高速,宁沪高速,
600428.SH,中远航运,中远航运,
600548.SH,深高速,深高速,
600561.SH,江西长运,江西长运,
600575.SH,皖江物流,皖江物流,
600611.SH,大众交通,大众交通,
600650.SH,锦江投资,锦江投资,
600662.SH,强生控股,强生控股,
600676.SH,交运股份,交运股份,
600692.SH,亚通股份,亚通股份,
600717.SH,天津港,天津港,
600751.SH,天海投资,天海投资,
600787.SH,中储股份,中储股份,
600794.SH,保税科技,保税科技,
600798.SH,宁波海运,宁波海运,
600834.SH,申通地铁,申通地铁,
600896.SH,中海海盛,中海海盛,
600897.SH,厦门空港,厦门空港,
601000.SH,唐山港,唐山港,
601006.SH,大秦铁路,大秦铁路,
601008.SH,连云港,连云港,
601018.SH,宁波港,宁波港,
601107.SH,四川成渝,四川成渝,
601111.SH,中国国航,中国国航,
601188.SH,龙江交通,龙江交通,
601333.SH,广深铁路,广深铁路,
601518.SH,吉林高速,吉林高速,
601866.SH,中海集运,中海集运,
601872.SH,招商轮船,招商轮船,
601880.SH,大连港,大连港,
601919.SH,中国远洋,中国远洋,
900903.SH,大众B股,大众B股,
900914.SH,锦投B股,锦投B股,
900938.SH,天海B,天海B,
900945.SH,海航B股,海航B股,
900952.SH,锦港B股,锦港B股,
000025.SZ,特力A,特力A,9
000026.SZ,飞亚达A,飞亚达A,
000028.SZ,国药一致,国药一致,
000032.SZ,深桑达A,深桑达A,
000078.SZ,海王生物,海王生物,
000096.SZ,广聚能源,广聚能源,
000151.SZ,中成股份,中成股份,
000159.SZ,国际实业,国际实业,
000408.SZ,*ST金源,*ST金源,
000411.SZ,英特集团,英特集团,
000417.SZ,合肥百货,合肥百货,
000419.SZ,通程控股,通程控股,
000501.SZ,鄂武商A,鄂武商A,
000516.SZ,国际医学,国际医学,
000554.SZ,泰山石油,泰山石油,
000560.SZ,昆百大A,昆百大A,
000564.SZ,西安民生,西安民生,
000591.SZ,太阳能,太阳能,
000593.SZ,大通燃气,大通燃气,
000626.SZ,如意集团,如意集团,
000632.SZ,三木集团,三木集团,
000638.SZ,万方发展,万方发展,
000652.SZ,泰达股份,泰达股份,
000679.SZ,大连友谊,大连友谊,
000701.SZ,厦门信达,厦门信达,
000705.SZ,浙江震元,浙江震元,
000715.SZ,中兴商业,中兴商业,
000753.SZ,漳州发展,漳州发展,
000759.SZ,中百集团,中百集团,
000785.SZ,武汉中商,武汉中商,
000829.SZ,天音控股,天音控股,
000851.SZ,高鸿股份,高鸿股份,
000889.SZ,茂业通信,茂业通信,
000906.SZ,物产中拓,物产中拓,
000963.SZ,华东医药,华东医药,
000987.SZ,广州友谊,广州友谊,
000996.SZ,中国中期,中国中期,
002024.SZ,苏宁云商,苏宁云商,
002091.SZ,江苏国泰,江苏国泰,
002187.SZ,广百股份,广百股份,
002221.SZ,东华能源,东华能源,
002251.SZ,步步高,步步高,
002264.SZ,新华都,新华都,
002277.SZ,友阿股份,友阿股份,
002336.SZ,*ST人乐,*ST人乐,
002416.SZ,爱施德,爱施德,
002419.SZ,天虹商场,天虹商场,
002441.SZ,众业达,众业达,
002462.SZ,嘉事堂,嘉事堂,
002556.SZ,辉隆股份,辉隆股份,
002561.SZ,徐家汇,徐家汇,
002589.SZ,瑞康医药,瑞康医药,
002607.SZ,亚夏汽车,亚夏汽车,
002640.SZ,跨境通,跨境通,
200025.SZ,特力B,特力B,
200026.SZ,飞亚达B,飞亚达B,
200028.SZ,一致B,一致B,
300022.SZ,吉峰农机,吉峰农机,
300081.SZ,恒信移动,恒信移动,
300131.SZ,英唐智控,英唐智控,
300184.SZ,力源信息,力源信息,
600051.SH,宁波联合,宁波联合,
600058.SH,五矿发展,五矿发展,
600113.SH,浙江东日,浙江东日,
600120.SH,浙江东方,浙江东方,
600122.SH,宏图高科,宏图高科,
600128.SH,弘业股份,弘业股份,
600153.SH,建发股份,建发股份,
600180.SH,瑞茂通,瑞茂通,
600203.SH,福日电子,福日电子,
600241.SH,时代万恒,时代万恒,
600247.SH,*ST成城,*ST成城,
600250.SH,南纺股份,南纺股份,
600272.SH,开开实业,开开实业,
600278.SH,东方创业,东方创业,
600280.SH,中央商场,中央商场,
600287.SH,江苏舜天,江苏舜天,
600297.SH,广汇汽车,广汇汽车,
600306.SH,*ST商城,*ST商城,
600327.SH,大东方,大东方,
600335.SH,国机汽车,国机汽车,
600337.SH,美克家居,美克家居,
600361.SH,华联综超,华联综超,
600382.SH,广东明珠,广东明珠,
600386.SH,北巴传媒,北巴传媒,
600387.SH,海越股份,海越股份,
600511.SH,国药股份,国药股份,
600515.SH,海航基础,海航基础,
600546.SH,*ST山煤,*ST山煤,
600576.SH,万家文化,万家文化,
600605.SH,汇通能源,汇通能源,
600626.SH,申达股份,申达股份,
600628.SH,新世界,新世界,
600647.SH,同达创业,同达创业,
600648.SH,外高桥,外高桥,
600653.SH,申华控股,申华控股,
600655.SH,豫园商城,豫园商城,
600656.SH,退市博元,退市博元,
600677.SH,航天通信,航天通信,
600682.SH,南京新百,南京新百,
600693.SH,东百集团,东百集团,
600694.SH,大商股份,大商股份,
600697.SH,欧亚集团,欧亚集团,
600704.SH,物产中大,物产中大,
600712.SH,南宁百货,南宁百货,
600713.SH,南京医药,南京医药,
600723.SH,首商股份,首商股份,
600729.SH,重庆百货,重庆百货,
600734.SH,实达集团,实达集团,
600738.SH,兰州民百,兰州民百,
600739.SH,辽宁成大,辽宁成大,
600753.SH,东方银星,东方银星,
600755.SH,厦门国贸,厦门国贸,
600774.SH,汉商集团,汉商集团,
600778.SH,友好集团,友好集团,
600785.SH,新华百货,新华百货,
600811.SH,东方集团,东方集团,
600814.SH,杭州解百,杭州解百,
600821.SH,津劝业,津劝业,
600822.SH,上海物贸,上海物贸,
600824.SH,益民集团,益民集团,
600826.SH,兰生股份,兰生股份,
600827.SH,百联股份,百联股份,
600828.SH,茂业商业,茂业商业,
600829.SH,人民同泰,人民同泰,
600830.SH,香溢融通,香溢融通,
600833.SH,第一医药,第一医药,
600838.SH,上海九百,上海九百,
600857.SH,宁波中百,宁波中百,
600858.SH,银座股份,银座股份,
600859.SH,王府井,王府井,
600861.SH,北京城乡,北京城乡,
600865.SH,百大集团,百大集团,
600891.SH,秋林集团,秋林集团,
600892.SH,宝诚股份,宝诚股份,
600898.SH,三联商社,三联商社,
600976.SH,健民集团,健民集团,
600981.SH,汇鸿集团,汇鸿集团,
600993.SH,马应龙,马应龙,
600998.SH,九州通,九州通,
601010.SH,文峰股份,文峰股份,
601116.SH,三江购物,三江购物,
601258.SH,庞大集团,庞大集团,
601607.SH,上海医药,上海医药,
601933.SH,永辉超市,永辉超市,
900912.SH,外高B股,外高B股,
900923.SH,百联B股,百联B股,
900927.SH,物贸B股,物贸B股,
900943.SH,开开B股,开开B股,
000010.SZ,深华新,深华新,10
000065.SZ,北方国际,北方国际,
000090.SZ,天健集团,天健集团,
000498.SZ,山东路桥,山东路桥,
000628.SZ,高新发展,高新发展,
000928.SZ,中钢国际,中钢国际,
000961.SZ,中南建设,中南建设,
002047.SZ,宝鹰股份,宝鹰股份,
002051.SZ,中工国际,中工国际,
002060.SZ,粤水电,粤水电,
002062.SZ,宏润建设,宏润建设,
002081.SZ,金螳螂,金螳螂,
002135.SZ,东南网架,东南网架,
002140.SZ,东华科技,东华科技,
002163.SZ,中航三鑫,中航三鑫,
002307.SZ,北新路桥,北新路桥,
002310.SZ,东方园林,东方园林,
002314.SZ,南山控股,南山控股,
002323.SZ,雅百特,雅百特,
002325.SZ,洪涛股份,洪涛股份,
002375.SZ,亚厦股份,亚厦股份,
002431.SZ,棕榈股份,棕榈股份,
002482.SZ,广田股份,广田股份,
002504.SZ,弘高创意,弘高创意,
002524.SZ,光正集团,光正集团,
002542.SZ,中化岩土,中化岩土,
002586.SZ,围海股份,围海股份,
002620.SZ,瑞和股份,瑞和股份,
002628.SZ,成都路桥,成都路桥,
300055.SZ,万邦达,万邦达,
300117.SZ,嘉寓股份,嘉寓股份,
300197.SZ,铁汉生态,铁汉生态,
300262.SZ,巴安水务,巴安水务,
600039.SH,四川路桥,四川路桥,
600068.SH,葛洲坝,葛洲坝,
600133.SH,东湖高新,东湖高新,
600170.SH,上海建工,上海建工,
600209.SH,罗顿发展,罗顿发展,
600248.SH,延长化建,延长化建,
600284.SH,浦东建设,浦东建设,
600326.SH,西藏天路,西藏天路,
600463.SH,空港股份,空港股份,
600477.SH,杭萧钢构,杭萧钢构,
600491.SH,龙元建设,龙元建设,
600496.SH,精工钢构,精工钢构,
600502.SH,安徽水利,安徽水利,
600512.SH,腾达建设,腾达建设,
600528.SH,中铁二局,中铁二局,
600545.SH,新疆城建,新疆城建,
600610.SH,中毅达,中毅达,
600681.SH,百川能源,百川能源,
600820.SH,隧道股份,隧道股份,
600846.SH,同济科技,同济科技,
600853.SH,龙建股份,龙建股份,
600986.SH,科达股份,科达股份,
601117.SH,中国化学,中国化学,
601186.SH,中国铁建,中国铁建,
601390.SH,中国中铁,中国中铁,
601618.SH,中国中冶,中国中冶,
601668.SH,中国建筑,中国建筑,
601669.SH,中国电建,中国电建,
601789.SH,宁波建工,宁波建工,
601886.SH,江河集团,江河集团,
900906.SH,中毅达B,中毅达B,
900935.SH,阳晨B股,阳晨B股,
900939.SH,汇丽B,汇丽B,
000027.SZ,深圳能源,深圳能源,11
000037.SZ,*ST南电A,*ST南电A,
000301.SZ,东方市场,东方市场,
000421.SZ,南京中北,南京中北,
000531.SZ,穗恒运A,穗恒运A,
000539.SZ,粤电力A,粤电力A,
000543.SZ,皖能电力,皖能电力,
000544.SZ,中原环保,中原环保,
000598.SZ,兴蓉环境,兴蓉环境,
000600.SZ,建投能源,建投能源,
000601.SZ,韶能股份,韶能股份,
000605.SZ,渤海股份,渤海股份,
000669.SZ,金鸿能源,金鸿能源,
000685.SZ,中山公用,中山公用,
000690.SZ,宝新能源,宝新能源,
000692.SZ,惠天热电,惠天热电,
000695.SZ,滨海能源,滨海能源,
000720.SZ,新能泰山,新能泰山,
000722.SZ,湖南发展,湖南发展,
000767.SZ,漳泽电力,漳泽电力,
000791.SZ,甘肃电投,甘肃电投,
000862.SZ,银星能源,银星能源,
000875.SZ,吉电股份,吉电股份,
000883.SZ,湖北能源,湖北能源,
000899.SZ,赣能股份,赣能股份,
000939.SZ,凯迪生态,凯迪生态,
000958.SZ,东方能源,东方能源,
000966.SZ,长源电力,长源电力,
000993.SZ,闽东电力,闽东电力,
001896.SZ,豫能控股,豫能控股,
002039.SZ,黔源电力,黔源电力,
002267.SZ,陕天然气,陕天然气,
002479.SZ,富春环保,富春环保,
200037.SZ,*ST南电B,*ST南电B,
200539.SZ,粤电力B,粤电力B,
600008.SH,首创股份,首创股份,
600011.SH,华能国际,华能国际,
600021.SH,上海电力,上海电力,
600027.SH,华电国际,华电国际,
600098.SH,广州发展,广州发展,
600101.SH,明星电力,明星电力,
600116.SH,三峡水利,三峡水利,
600131.SH,岷江水电,岷江水电,
600163.SH,中闽能源,中闽能源,
600167.SH,联美控股,联美控股,
600168.SH,武汉控股,武汉控股,
600187.SH,国中水务,国中水务,
600207.SH,安彩高科,安彩高科,
600236.SH,桂冠电力,桂冠电力,
600283.SH,钱江水利,钱江水利,
600310.SH,桂东电力,桂东电力,
600323.SH,瀚蓝环境,瀚蓝环境,
600396.SH,金山股份,金山股份,
600452.SH,涪陵电力,涪陵电力,
600461.SH,洪城水业,洪城水业,
600483.SH,福能股份,福能股份,
600505.SH,西昌电力,西昌电力,
600509.SH,天富能源,天富能源,
600578.SH,京能电力,京能电力,
600617.SH,国新能源,国新能源,
600635.SH,大众公用,大众公用,
600642.SH,申能股份,申能股份,
600644.SH,乐山电力,乐山电力,
600674.SH,川投能源,川投能源,
600719.SH,大连热电,大连热电,
600726.SH,华电能源,华电能源,
600744.SH,华银电力,华银电力,
600758.SH,红阳能源,红阳能源,
600780.SH,通宝能源,通宝能源,
600795.SH,国电电力,国电电力,
600856.SH,中天能源,中天能源,
600863.SH,内蒙华电,内蒙华电,
600864.SH,哈投股份,哈投股份,
600868.SH,梅雁吉祥,梅雁吉祥,
600874.SH,创业环保,创业环保,
600886.SH,国投电力,国投电力,
600900.SH,长江电力,长江电力,
600969.SH,郴电国际,郴电国际,
600979.SH,广安爱众,广安爱众,
600982.SH,宁波热电,宁波热电,
600995.SH,文山电力,文山电力,
601139.SH,深圳燃气,深圳燃气,
601158.SH,重庆水务,重庆水务,
601199.SH,江南水务,江南水务,
601991.SH,大唐发电,大唐发电,
900913.SH,国新B股,国新B股,
900937.SH,华电B股,华电B股,
000004.SZ,国农科技,国农科技,12
000008.SZ,神州高铁,神州高铁,
000012.SZ,南玻A,南玻A,
000016.SZ,深康佳A,深康佳A,
000017.SZ,深中华A,深中华A,
000018.SZ,神州长城,神州长城,
000019.SZ,深深宝A,深深宝A,
000020.SZ,深华发A,深华发A,
000021.SZ,深科技,深科技,
000023.SZ,深天地A,深天地A,
000030.SZ,富奥股份,富奥股份,
000039.SZ,中集集团,中集集团,
000045.SZ,深纺织A,深纺织A,
000048.SZ,康达尔,康达尔,
000049.SZ,德赛电池,德赛电池,
000050.SZ,深天马A,深天马A,
000055.SZ,方大集团,方大集团,
000059.SZ,华锦股份,华锦股份,
000060.SZ,中金岭南,中金岭南,
000063.SZ,中兴通讯,中兴通讯,
000066.SZ,长城电脑,长城电脑,
000068.SZ,华控赛格,华控赛格,
000070.SZ,特发信息,特发信息,
000100.SZ,TCL集团,TCL集团,
000153.SZ,丰原药业,丰原药业,
000155.SZ,*ST川化,*ST川化,
000157.SZ,中联重科,中联重科,
000158.SZ,常山股份,常山股份,
000338.SZ,潍柴动力,潍柴动力,
000400.SZ,许继电气,许继电气,
000401.SZ,冀东水泥,冀东水泥,
000403.SZ,ST生化,ST生化,
000404.SZ,华意压缩,华意压缩,
000407.SZ,胜利股份,胜利股份,
000410.SZ,沈阳机床,沈阳机床,
000413.SZ,东旭光电,东旭光电,
000418.SZ,小天鹅A,小天鹅A,
000420.SZ,吉林化纤,吉林化纤,
000422.SZ,湖北宜化,湖北宜化,
000423.SZ,东阿阿胶,东阿阿胶,
000425.SZ,徐工机械,徐工机械,
000488.SZ,晨鸣纸业,晨鸣纸业,
000509.SZ,华塑控股,华塑控股,
000510.SZ,金路集团,金路集团,
000511.SZ,*ST烯碳,*ST烯碳,
000513.SZ,丽珠集团,丽珠集团,
000518.SZ,四环生物,四环生物,
000519.SZ,江南红箭,江南红箭,
000521.SZ,美菱电器,美菱电器,
000523.SZ,广州浪奇,广州浪奇,
000525.SZ,红太阳,红太阳,
000528.SZ,柳工,柳工,
000529.SZ,广弘控股,广弘控股,
000530.SZ,大冷股份,大冷股份,
000533.SZ,万家乐,万家乐,
000536.SZ,华映科技,华映科技,
000538.SZ,云南白药,云南白药,
000541.SZ,佛山照明,佛山照明,
000545.SZ,金浦钛业,金浦钛业,
000546.SZ,金圆股份,金圆股份,
000547.SZ,航天发展,航天发展,
000550.SZ,江铃汽车,江铃汽车,
000553.SZ,沙隆达A,沙隆达A,
000557.SZ,银广夏,银广夏,
000559.SZ,万向钱潮,万向钱潮,
000561.SZ,烽火电子,烽火电子,
000565.SZ,渝三峡A,渝三峡A,
000566.SZ,海南海药,海南海药,
000568.SZ,泸州老窖,泸州老窖,
000570.SZ,苏常柴A,苏常柴A,
000572.SZ,海马汽车,海马汽车,
000576.SZ,广东甘化,广东甘化,
000581.SZ,威孚高科,威孚高科,
000584.SZ,友利控股,友利控股,
000585.SZ,东北电气,东北电气,
000586.SZ,汇源通信,汇源通信,
000587.SZ,金洲慈航,金洲慈航,
000589.SZ,黔轮胎A,黔轮胎A,
000590.SZ,启迪古汉,启迪古汉,
000595.SZ,宝塔实业,宝塔实业,
000596.SZ,古井贡酒,古井贡酒,
000597.SZ,东北制药,东北制药,
000599.SZ,青岛双星,青岛双星,
000606.SZ,*ST明胶,*ST明胶,
000611.SZ,*ST蒙发,*ST蒙发,
000612.SZ,焦作万方,焦作万方,
000617.SZ,*ST济柴,*ST济柴,
000619.SZ,海螺型材,海螺型材,
000622.SZ,*ST恒立,*ST恒立,
000623.SZ,吉林敖东,吉林敖东,
000625.SZ,长安汽车,长安汽车,
000627.SZ,天茂集团,天茂集团,
000630.SZ,铜陵有色,铜陵有色,
000633.SZ,*ST合金,*ST合金,
000635.SZ,英力特,英力特,
000636.SZ,风华高科,风华高科,
000637.SZ,茂化实华,茂化实华,
000639.SZ,西王食品,西王食品,
000650.SZ,仁和药业,仁和药业,
000651.SZ,格力电器,格力电器,
000657.SZ,中钨高新,中钨高新,
000659.SZ,珠海中富,珠海中富,
000661.SZ,长春高新,长春高新,
000662.SZ,天夏智慧,天夏智慧,
000663.SZ,永安林业,永安林业,
000666.SZ,经纬纺机,经纬纺机,
000670.SZ,*ST盈方,*ST盈方,
000672.SZ,上峰水泥,上峰水泥,
000676.SZ,智度投资,智度投资,
000677.SZ,恒天海龙,恒天海龙,
000678.SZ,襄阳轴承,襄阳轴承,
000680.SZ,山推股份,山推股份,
000682.SZ,东方电子,东方电子,
000683.SZ,远兴能源,远兴能源,
000687.SZ,华讯方舟,华讯方舟,
000698.SZ,沈阳化工,沈阳化工,
000700.SZ,模塑科技,模塑科技,
000702.SZ,正虹科技,正虹科技,
000703.SZ,恒逸石化,恒逸石化,
000707.SZ,双环科技,双环科技,
000708.SZ,大冶特钢,大冶特钢,
000709.SZ,河钢股份,河钢股份,
000710.SZ,天兴仪表,天兴仪表,
000716.SZ,黑芝麻,黑芝麻,
000717.SZ,*ST韶钢,*ST韶钢,
000723.SZ,美锦能源,美锦能源,
000725.SZ,京东方A,京东方A,
000726.SZ,鲁泰A,鲁泰A,
000727.SZ,华东科技,华东科技,
000729.SZ,燕京啤酒,燕京啤酒,
000731.SZ,四川美丰,四川美丰,
000733.SZ,振华科技,振华科技,
000737.SZ,南风化工,南风化工,
000738.SZ,中航动控,中航动控,
000739.SZ,普洛药业,普洛药业,
000748.SZ,长城信息,长城信息,
000751.SZ,锌业股份,锌业股份,
000752.SZ,西藏发展,西藏发展,
000755.SZ,山西三维,山西三维,
000756.SZ,新华制药,新华制药,
000757.SZ,浩物股份,浩物股份,
000760.SZ,斯太尔,斯太尔,
000761.SZ,本钢板材,本钢板材,
000766.SZ,通化金马,通化金马,
000768.SZ,中航飞机,中航飞机,
000777.SZ,中核科技,中核科技,
000778.SZ,新兴铸管,新兴铸管,
000779.SZ,三毛派神,三毛派神,
000782.SZ,美达股份,美达股份,
000786.SZ,北新建材,北新建材,
000788.SZ,北大医药,北大医药,
000789.SZ,万年青,万年青,
000790.SZ,华神集团,华神集团,
000792.SZ,盐湖股份,盐湖股份,
000795.SZ,英洛华,英洛华,
000799.SZ,酒鬼酒,酒鬼酒,
000800.SZ,一汽轿车,一汽轿车,
000801.SZ,四川九洲,四川九洲,
000803.SZ,金宇车城,金宇车城,
000806.SZ,银河生物,银河生物,
000807.SZ,云铝股份,云铝股份,
000810.SZ,创维数字,创维数字,
000811.SZ,烟台冰轮,烟台冰轮,
000812.SZ,陕西金叶,陕西金叶,
000815.SZ,美利纸业,美利纸业,
000816.SZ,智慧农业,智慧农业,
000818.SZ,方大化工,方大化工,
000819.SZ,岳阳兴长,岳阳兴长,
000820.SZ,金城股份,金城股份,
000821.SZ,京山轻机,京山轻机,
000822.SZ,山东海化,山东海化,
000823.SZ,超声电子,超声电子,
000825.SZ,太钢不锈,太钢不锈,
000830.SZ,鲁西化工,鲁西化工,
000831.SZ,*ST五稀,*ST五稀,
000833.SZ,贵糖股份,贵糖股份,
000835.SZ,长城动漫,长城动漫,
000836.SZ,鑫茂科技,鑫茂科技,
000837.SZ,秦川机床,秦川机床,
000848.SZ,承德露露,承德露露,
000850.SZ,华茂股份,华茂股份,
000852.SZ,石化机械,石化机械,
000856.SZ,*ST冀装,*ST冀装,
000858.SZ,五粮液,五粮液,
000859.SZ,国风塑业,国风塑业,
000860.SZ,顺鑫农业,顺鑫农业,
000868.SZ,安凯客车,安凯客车,
000869.SZ,张裕A,张裕A,
000876.SZ,新希望,新希望,
000877.SZ,天山股份,天山股份,
000878.SZ,云南铜业,云南铜业,
000880.SZ,潍柴重机,潍柴重机,
000885.SZ,同力水泥,同力水泥,
000887.SZ,中鼎股份,中鼎股份,
000890.SZ,法尔胜,法尔胜,
000893.SZ,东凌国际,东凌国际,
000895.SZ,双汇发展,双汇发展,
000898.SZ,鞍钢股份,鞍钢股份,
000901.SZ,航天科技,航天科技,
000902.SZ,新洋丰,新洋丰,
000903.SZ,云内动力,云内动力,
000908.SZ,景峰医药,景峰医药,
000910.SZ,大亚科技,大亚科技,
000911.SZ,南宁糖业,南宁糖业,
000912.SZ,泸天化,泸天化,
000913.SZ,*ST钱江,*ST钱江,
000915.SZ,山大华特,山大华特,
000919.SZ,金陵药业,金陵药业,
000920.SZ,南方汇通,南方汇通,
000921.SZ,海信科龙,海信科龙,
000922.SZ,佳电股份,佳电股份,
000923.SZ,河北宣工,河北宣工,
000925.SZ,众合科技,众合科技,
000927.SZ,一汽夏利,一汽夏利,
000929.SZ,兰州黄河,兰州黄河,
000930.SZ,中粮生化,中粮生化,
000932.SZ,华菱钢铁,华菱钢铁,
000933.SZ,*ST神火,*ST神火,
000935.SZ,四川双马,四川双马,
000936.SZ,华西股份,华西股份,
000938.SZ,紫光股份,紫光股份,
000949.SZ,新乡化纤,新乡化纤,
000950.SZ,*ST建峰,*ST建峰,
000951.SZ,中国重汽,中国重汽,
000952.SZ,广济药业,广济药业,
000953.SZ,河池化工,河池化工,
000955.SZ,欣龙控股,欣龙控股,
000957.SZ,中通客车,中通客车,
000959.SZ,首钢股份,首钢股份,
000960.SZ,锡业股份,锡业股份,
000962.SZ,*ST东钽,*ST东钽,
000967.SZ,盈峰环境,盈峰环境,
000969.SZ,安泰科技,安泰科技,
000970.SZ,中科三环,中科三环,
000972.SZ,新中基,新中基,
000973.SZ,佛塑科技,佛塑科技,
000976.SZ,春晖股份,春晖股份,
000977.SZ,浪潮信息,浪潮信息,
000980.SZ,金马股份,金马股份,
000982.SZ,中银绒业,中银绒业,
000985.SZ,大庆华科,大庆华科,
000988.SZ,华工科技,华工科技,
000989.SZ,九芝堂,九芝堂,
000990.SZ,诚志股份,诚志股份,
000995.SZ,*ST皇台,*ST皇台,
000999.SZ,华润三九,华润三九,
001696.SZ,宗申动力,宗申动力,
002001.SZ,新和成,新和成,
002002.SZ,鸿达兴业,鸿达兴业,
002003.SZ,伟星股份,伟星股份,
002004.SZ,华邦健康,华邦健康,
002005.SZ,德豪润达,德豪润达,
002006.SZ,精功科技,精功科技,
002007.SZ,华兰生物,华兰生物,
002008.SZ,大族激光,大族激光,
002009.SZ,天奇股份,天奇股份,
002010.SZ,传化股份,传化股份,
002011.SZ,盾安环境,盾安环境,
002012.SZ,凯恩股份,凯恩股份,
002013.SZ,中航机电,中航机电,
002014.SZ,永新股份,永新股份,
002015.SZ,霞客环保,霞客环保,
002017.SZ,东信和平,东信和平,
002018.SZ,华信国际,华信国际,
002019.SZ,亿帆鑫富,亿帆鑫富,
002020.SZ,京新药业,京新药业,
002021.SZ,中捷资源,中捷资源,
002022.SZ,科华生物,科华生物,
002023.SZ,海特高新,海特高新,
002025.SZ,航天电器,航天电器,
002026.SZ,山东威达,山东威达,
002027.SZ,分众传媒,分众传媒,
002028.SZ,思源电气,思源电气,
002029.SZ,七匹狼,七匹狼,
002030.SZ,达安基因,达安基因,
002031.SZ,巨轮智能,巨轮智能,
002032.SZ,苏泊尔,苏泊尔,
002034.SZ,美欣达,美欣达,
002035.SZ,华帝股份,华帝股份,
002036.SZ,联创电子,联创电子,
002037.SZ,久联发展,久联发展,
002038.SZ,双鹭药业,双鹭药业,
002042.SZ,华孚色纺,华孚色纺,
002043.SZ,兔宝宝,兔宝宝,
002045.SZ,国光电器,国光电器,
002046.SZ,轴研科技,轴研科技,
002048.SZ,宁波华翔,宁波华翔,
002049.SZ,同方国芯,同方国芯,
002050.SZ,三花股份,三花股份,
002052.SZ,同洲电子,同洲电子,
002053.SZ,云南盐化,云南盐化,
002054.SZ,德美化工,德美化工,
002055.SZ,得润电子,得润电子,
002056.SZ,横店东磁,横店东磁,
002057.SZ,中钢天源,中钢天源,
002058.SZ,威尔泰,威尔泰,
002061.SZ,*ST江化,*ST江化,
002064.SZ,华峰氨纶,华峰氨纶,
002066.SZ,瑞泰科技,瑞泰科技,
002067.SZ,景兴纸业,景兴纸业,
002068.SZ,黑猫股份,黑猫股份,
002070.SZ,众和股份,众和股份,
002072.SZ,凯瑞德,凯瑞德,
002073.SZ,软控股份,软控股份,
002074.SZ,国轩高科,国轩高科,
002075.SZ,沙钢股份,沙钢股份,
002076.SZ,雪莱特,雪莱特,
002078.SZ,太阳纸业,太阳纸业,
002079.SZ,苏州固锝,苏州固锝,
002080.SZ,中材科技,中材科技,
002082.SZ,栋梁新材,栋梁新材,
002083.SZ,孚日股份,孚日股份,
002084.SZ,海鸥卫浴,海鸥卫浴,
002085.SZ,万丰奥威,万丰奥威,
002087.SZ,新野纺织,新野纺织,
002088.SZ,鲁阳节能,鲁阳节能,
002089.SZ,新海宜,新海宜,
002090.SZ,金智科技,金智科技,
002092.SZ,中泰化学,中泰化学,
002094.SZ,青岛金王,青岛金王,
002096.SZ,南岭民爆,南岭民爆,
002097.SZ,山河智能,山河智能,
002098.SZ,浔兴股份,浔兴股份,
002099.SZ,海翔药业,海翔药业,
002100.SZ,天康生物,天康生物,
002101.SZ,广东鸿图,广东鸿图,
002102.SZ,冠福股份,冠福股份,
002103.SZ,广博股份,广博股份,
002104.SZ,恒宝股份,恒宝股份,
002105.SZ,信隆实业,信隆实业,
002106.SZ,莱宝高科,莱宝高科,
002107.SZ,沃华医药,沃华医药,
002108.SZ,沧州明珠,沧州明珠,
002109.SZ,*ST兴化,*ST兴化,
002110.SZ,三钢闽光,三钢闽光,
002111.SZ,威海广泰,威海广泰,
002112.SZ,三变科技,三变科技,
002114.SZ,罗平锌电,罗平锌电,
002115.SZ,三维通信,三维通信,
002117.SZ,东港股份,东港股份,
002118.SZ,紫鑫药业,紫鑫药业,
002119.SZ,康强电子,康强电子,
002120.SZ,新海股份,新海股份,
002121.SZ,科陆电子,科陆电子,
002122.SZ,天马股份,天马股份,
002123.SZ,荣信股份,荣信股份,
002124.SZ,天邦股份,天邦股份,
002125.SZ,湘潭电化,湘潭电化,
002126.SZ,银轮股份,银轮股份,
002127.SZ,南极电商,南极电商,
002129.SZ,中环股份,中环股份,
002130.SZ,沃尔核材,沃尔核材,
002131.SZ,利欧股份,利欧股份,
002132.SZ,恒星科技,恒星科技,
002134.SZ,天津普林,天津普林,
002136.SZ,安纳达,安纳达,
002137.SZ,麦达数字,麦达数字,
002138.SZ,顺络电子,顺络电子,
002139.SZ,拓邦股份,拓邦股份,
002141.SZ,蓉胜超微,蓉胜超微,
002144.SZ,宏达高科,宏达高科,
002145.SZ,中核钛白,中核钛白,
002147.SZ,新光圆成,新光圆成,
002149.SZ,西部材料,西部材料,
002150.SZ,通润装备,通润装备,
002151.SZ,北斗星通,北斗星通,
002152.SZ,广电运通,广电运通,
002154.SZ,报喜鸟,报喜鸟,
002156.SZ,通富微电,通富微电,
002157.SZ,正邦科技,正邦科技,
002158.SZ,汉钟精机,汉钟精机,
002160.SZ,常铝股份,常铝股份,
002161.SZ,远望谷,远望谷,
002162.SZ,悦心健康,悦心健康,
002164.SZ,宁波东力,宁波东力,
002165.SZ,红宝丽,红宝丽,
002166.SZ,莱茵生物,莱茵生物,
002167.SZ,东方锆业,东方锆业,
002168.SZ,深圳惠程,深圳惠程,
002169.SZ,智光电气,智光电气,
002170.SZ,芭田股份,芭田股份,
002171.SZ,楚江新材,楚江新材,
002172.SZ,澳洋科技,澳洋科技,
002173.SZ,*ST千足,*ST千足,
002175.SZ,东方网络,东方网络,
002176.SZ,江特电机,江特电机,
002177.SZ,御银股份,御银股份,
002179.SZ,中航光电,中航光电,
002180.SZ,艾派克,艾派克,
002182.SZ,云海金属,云海金属,
002184.SZ,海得控制,海得控制,
002185.SZ,华天科技,华天科技,
002188.SZ,巴士在线,巴士在线,
002189.SZ,利达光电,利达光电,
002190.SZ,成飞集成,成飞集成,
002191.SZ,劲嘉股份,劲嘉股份,
002192.SZ,融捷股份,融捷股份,
002193.SZ,山东如意,山东如意,
002194.SZ,武汉凡谷,武汉凡谷,
002196.SZ,方正电机,方正电机,
002197.SZ,证通电子,证通电子,
002198.SZ,嘉应制药,嘉应制药,
002199.SZ,*ST东晶,*ST东晶,
002201.SZ,九鼎新材,九鼎新材,
002202.SZ,金风科技,金风科技,
002203.SZ,海亮股份,海亮股份,
002204.SZ,大连重工,大连重工,
002205.SZ,国统股份,国统股份,
002206.SZ,海利得,海利得,
002209.SZ,达意隆,达意隆,
002211.SZ,宏达新材,宏达新材,
002212.SZ,南洋股份,南洋股份,
002213.SZ,特尔佳,特尔佳,
002214.SZ,大立科技,大立科技,
002215.SZ,诺普信,诺普信,
002216.SZ,三全食品,三全食品,
002217.SZ,合力泰,合力泰,
002218.SZ,拓日新能,拓日新能,
002219.SZ,恒康医疗,恒康医疗,
002220.SZ,天宝股份,天宝股份,
002222.SZ,福晶科技,福晶科技,
002223.SZ,鱼跃医疗,鱼跃医疗,
002224.SZ,三力士,三力士,
002225.SZ,濮耐股份,濮耐股份,
002226.SZ,江南化工,江南化工,
002227.SZ,奥特迅,奥特迅,
002228.SZ,合兴包装,合兴包装,
002229.SZ,鸿博股份,鸿博股份,
002231.SZ,奥维通信,奥维通信,
002233.SZ,塔牌集团,塔牌集团,
002235.SZ,安妮股份,安妮股份,
002236.SZ,大华股份,大华股份,
002237.SZ,恒邦股份,恒邦股份,
002239.SZ,奥特佳,奥特佳,
002240.SZ,威华股份,威华股份,
002241.SZ,歌尔声学,歌尔声学,
002242.SZ,九阳股份,九阳股份,
002243.SZ,通产丽星,通产丽星,
002246.SZ,北化股份,北化股份,
002247.SZ,帝龙新材,帝龙新材,
002248.SZ,华东数控,华东数控,
002249.SZ,大洋电机,大洋电机,
002250.SZ,联化科技,联化科技,
002252.SZ,上海莱士,上海莱士,
002254.SZ,泰和新材,泰和新材,
002255.SZ,海陆重工,海陆重工,
002256.SZ,彩虹精化,彩虹精化,
002258.SZ,利尔化学,利尔化学,
002259.SZ,升达林业,升达林业,
002260.SZ,德奥通航,德奥通航,
002262.SZ,恩华药业,恩华药业,
002263.SZ,大东南,大东南,
002265.SZ,西仪股份,西仪股份,
002266.SZ,浙富控股,浙富控股,
002269.SZ,美邦服饰,美邦服饰,
002270.SZ,法因数控,法因数控,
002271.SZ,东方雨虹,东方雨虹,
002272.SZ,川润股份,川润股份,
002273.SZ,水晶光电,水晶光电,
002274.SZ,华昌化工,华昌化工,
002275.SZ,桂林三金,桂林三金,
002276.SZ,万马股份,万马股份,
002278.SZ,神开股份,神开股份,
002281.SZ,光迅科技,光迅科技,
002282.SZ,博深工具,博深工具,
002283.SZ,天润曲轴,天润曲轴,
002284.SZ,亚太股份,亚太股份,
002286.SZ,保龄宝,保龄宝,
002287.SZ,奇正藏药,奇正藏药,
002288.SZ,超华科技,超华科技,
002289.SZ,*ST宇顺,*ST宇顺,
002290.SZ,禾盛新材,禾盛新材,
002291.SZ,星期六,星期六,
002292.SZ,奥飞娱乐,奥飞娱乐,
002293.SZ,罗莱生活,罗莱生活,
002294.SZ,信立泰,信立泰,
002295.SZ,精艺股份,精艺股份,
002296.SZ,辉煌科技,辉煌科技,
002297.SZ,博云新材,博云新材,
002298.SZ,中电鑫龙,中电鑫龙,
002300.SZ,太阳电缆,太阳电缆,
002301.SZ,齐心集团,齐心集团,
002302.SZ,西部建设,西部建设,
002303.SZ,美盈森,美盈森,
002304.SZ,洋河股份,洋河股份,
002308.SZ,威创股份,威创股份,
002309.SZ,中利科技,中利科技,
002311.SZ,海大集团,海大集团,
002312.SZ,三泰控股,三泰控股,
002313.SZ,日海通讯,日海通讯,
002317.SZ,众生药业,众生药业,
002318.SZ,久立特材,久立特材,
002319.SZ,乐通股份,乐通股份,
002322.SZ,理工环科,理工环科,
002324.SZ,普利特,普利特,
002326.SZ,永太科技,永太科技,
002327.SZ,富安娜,富安娜,
002328.SZ,新朋股份,新朋股份,
002329.SZ,皇氏集团,皇氏集团,
002330.SZ,得利斯,得利斯,
002332.SZ,仙琚制药,仙琚制药,
002333.SZ,罗普斯金,罗普斯金,
002334.SZ,英威腾,英威腾,
002335.SZ,科华恒盛,科华恒盛,
002337.SZ,赛象科技,赛象科技,
002338.SZ,奥普光电,奥普光电,
002339.SZ,积成电子,积成电子,
002340.SZ,格林美,格林美,
002341.SZ,新纶科技,新纶科技,
002342.SZ,巨力索具,巨力索具,
002345.SZ,潮宏基,潮宏基,
002346.SZ,柘中股份,柘中股份,
002347.SZ,泰尔重工,泰尔重工,
002348.SZ,高乐股份,高乐股份,
002349.SZ,精华制药,精华制药,
002350.SZ,北京科锐,北京科锐,
002351.SZ,漫步者,漫步者,
002352.SZ,鼎泰新材,鼎泰新材,
002353.SZ,杰瑞股份,杰瑞股份,
002355.SZ,兴民钢圈,兴民钢圈,
002356.SZ,浩宁达,浩宁达,
002358.SZ,森源电气,森源电气,
002359.SZ,齐星铁塔,齐星铁塔,
002360.SZ,同德化工,同德化工,
002361.SZ,神剑股份,神剑股份,
002362.SZ,汉王科技,汉王科技,
002363.SZ,隆基机械,隆基机械,
002364.SZ,中恒电气,中恒电气,
002365.SZ,永安药业,永安药业,
002366.SZ,台海核电,台海核电,
002367.SZ,康力电梯,康力电梯,
002369.SZ,卓翼科技,卓翼科技,
002370.SZ,亚太药业,亚太药业,
002371.SZ,七星电子,七星电子,
002372.SZ,伟星新材,伟星新材,
002374.SZ,丽鹏股份,丽鹏股份,
002376.SZ,新北洋,新北洋,
002377.SZ,国创高新,国创高新,
002378.SZ,章源钨业,章源钨业,
002379.SZ,*ST鲁丰,*ST鲁丰,
002380.SZ,科远股份,科远股份,
002381.SZ,双箭股份,双箭股份,
002382.SZ,蓝帆医疗,蓝帆医疗,
002383.SZ,合众思壮,合众思壮,
002384.SZ,东山精密,东山精密,
002385.SZ,大北农,大北农,
002386.SZ,天原集团,天原集团,
002387.SZ,黑牛食品,黑牛食品,
002388.SZ,新亚制程,新亚制程,
002389.SZ,南洋科技,南洋科技,
002390.SZ,信邦制药,信邦制药,
002391.SZ,长青股份,长青股份,
002392.SZ,北京利尔,北京利尔,
002393.SZ,力生制药,力生制药,
002394.SZ,联发股份,联发股份,
002395.SZ,双象股份,双象股份,
002396.SZ,星网锐捷,星网锐捷,
002397.SZ,梦洁家纺,梦洁家纺,
002399.SZ,海普瑞,海普瑞,
002402.SZ,和而泰,和而泰,
002403.SZ,爱仕达,爱仕达,
002404.SZ,嘉欣丝绸,嘉欣丝绸,
002406.SZ,远东传动,远东传动,
002407.SZ,多氟多,多氟多,
002408.SZ,齐翔腾达,齐翔腾达,
002409.SZ,雅克科技,雅克科技,
002411.SZ,必康股份,必康股份,
002412.SZ,汉森制药,汉森制药,
002413.SZ,雷科防务,雷科防务,
002414.SZ,高德红外,高德红外,
002415.SZ,海康威视,海康威视,
002417.SZ,三元达,三元达,
002418.SZ,康盛股份,康盛股份,
002420.SZ,毅昌股份,毅昌股份,
002422.SZ,科伦药业,科伦药业,
002423.SZ,*ST中特,*ST中特,
002424.SZ,贵州百灵,贵州百灵,
002425.SZ,凯撒股份,凯撒股份,
002426.SZ,胜利精密,胜利精密,
002427.SZ,尤夫股份,尤夫股份,
002428.SZ,云南锗业,云南锗业,
002429.SZ,兆驰股份,兆驰股份,
002430.SZ,杭氧股份,杭氧股份,
002432.SZ,九安医疗,九安医疗,
002433.SZ,太安堂,太安堂,
002434.SZ,万里扬,万里扬,
002435.SZ,长江润发,长江润发,
002436.SZ,兴森科技,兴森科技,
002437.SZ,誉衡药业,誉衡药业,
002438.SZ,江苏神通,江苏神通,
002440.SZ,闰土股份,闰土股份,
002442.SZ,龙星化工,龙星化工,
002443.SZ,金洲管道,金洲管道,
002444.SZ,巨星科技,巨星科技,
002445.SZ,中南重工,中南重工,
002446.SZ,盛路通信,盛路通信,
002448.SZ,中原内配,中原内配,
002449.SZ,国星光电,国星光电,
002450.SZ,康得新,康得新,
002451.SZ,摩恩电气,摩恩电气,
002452.SZ,长高集团,长高集团,
002453.SZ,天马精化,天马精化,
002454.SZ,松芝股份,松芝股份,
002455.SZ,百川股份,百川股份,
002456.SZ,欧菲光,欧菲光,
002457.SZ,青龙管业,青龙管业,
002459.SZ,天业通联,天业通联,
002460.SZ,赣锋锂业,赣锋锂业,
002461.SZ,珠江啤酒,珠江啤酒,
002463.SZ,沪电股份,沪电股份,
002464.SZ,金利科技,金利科技,
002465.SZ,海格通信,海格通信,
002466.SZ,天齐锂业,天齐锂业,
002468.SZ,艾迪西,艾迪西,
002470.SZ,金正大,金正大,
002471.SZ,中超控股,中超控股,
002472.SZ,双环传动,双环传动,
002473.SZ,圣莱达,圣莱达,
002475.SZ,立讯精密,立讯精密,
002476.SZ,宝莫股份,宝莫股份,
002478.SZ,常宝股份,常宝股份,
002480.SZ,新筑股份,新筑股份,
002481.SZ,双塔食品,双塔食品,
002483.SZ,润邦股份,润邦股份,
002484.SZ,江海股份,江海股份,
002485.SZ,希努尔,希努尔,
002486.SZ,嘉麟杰,嘉麟杰,
002487.SZ,大金重工,大金重工,
002488.SZ,金固股份,金固股份,
002489.SZ,浙江永强,浙江永强,
002490.SZ,山东墨龙,山东墨龙,
002491.SZ,通鼎互联,通鼎互联,
002493.SZ,荣盛石化,荣盛石化,
002494.SZ,华斯股份,华斯股份,
002495.SZ,佳隆股份,佳隆股份,
002496.SZ,辉丰股份,辉丰股份,
002497.SZ,雅化集团,雅化集团,
002498.SZ,汉缆股份,汉缆股份,
002499.SZ,科林环保,科林环保,
002501.SZ,利源精制,利源精制,
002502.SZ,骅威股份,骅威股份,
002503.SZ,搜于特,搜于特,
002506.SZ,协鑫集成,协鑫集成,
002507.SZ,涪陵榨菜,涪陵榨菜,
002508.SZ,老板电器,老板电器,
002509.SZ,天广消防,天广消防,
002510.SZ,天汽模,天汽模,
002511.SZ,中顺洁柔,中顺洁柔,
002512.SZ,达华智能,达华智能,
002513.SZ,*ST蓝丰,*ST蓝丰,
002514.SZ,宝馨科技,宝馨科技,
002515.SZ,金字火腿,金字火腿,
002516.SZ,旷达科技,旷达科技,
002518.SZ,科士达,科士达,
002519.SZ,银河电子,银河电子,
002520.SZ,日发精机,日发精机,
002521.SZ,齐峰新材,齐峰新材,
002522.SZ,浙江众成,浙江众成,
002523.SZ,天桥起重,天桥起重,
002526.SZ,山东矿机,山东矿机,
002527.SZ,新时达,新时达,
002528.SZ,英飞拓,英飞拓,
002529.SZ,海源机械,海源机械,
002530.SZ,丰东股份,丰东股份,
002531.SZ,天顺风能,天顺风能,
002532.SZ,新界泵业,新界泵业,
002533.SZ,金杯电工,金杯电工,
002534.SZ,杭锅股份,杭锅股份,
002535.SZ,林州重机,林州重机,
002536.SZ,西泵股份,西泵股份,
002537.SZ,海立美达,海立美达,
002538.SZ,司尔特,司尔特,
002539.SZ,新都化工,新都化工,
002540.SZ,亚太科技,亚太科技,
002541.SZ,鸿路钢构,鸿路钢构,
002543.SZ,万和电气,万和电气,
002545.SZ,东方铁塔,东方铁塔,
002546.SZ,新联电子,新联电子,
002547.SZ,春兴精工,春兴精工,
002548.SZ,金新农,金新农,
002550.SZ,千红制药,千红制药,
002551.SZ,尚荣医疗,尚荣医疗,
002552.SZ,宝鼎科技,宝鼎科技,
002553.SZ,南方轴承,南方轴承,
002557.SZ,洽洽食品,洽洽食品,
002559.SZ,亚威股份,亚威股份,
002560.SZ,通达股份,通达股份,
002562.SZ,兄弟科技,兄弟科技,
002563.SZ,森马服饰,森马服饰,
002564.SZ,天沃科技,天沃科技,
002565.SZ,上海绿新,上海绿新,
002566.SZ,益盛药业,益盛药业,
002567.SZ,唐人神,唐人神,
002568.SZ,百润股份,百润股份,
002569.SZ,步森股份,步森股份,
002570.SZ,贝因美,贝因美,
002571.SZ,德力股份,德力股份,
002572.SZ,索菲亚,索菲亚,
002574.SZ,明牌珠宝,明牌珠宝,
002575.SZ,群兴玩具,群兴玩具,
002576.SZ,通达动力,通达动力,
002577.SZ,雷柏科技,雷柏科技,
002578.SZ,闽发铝业,闽发铝业,
002579.SZ,中京电子,中京电子,
002580.SZ,圣阳股份,圣阳股份,
002581.SZ,未名医药,未名医药,
002582.SZ,好想你,好想你,
002583.SZ,海能达,海能达,
002584.SZ,西陇科学,西陇科学,
002585.SZ,双星新材,双星新材,
002587.SZ,奥拓电子,奥拓电子,
002588.SZ,史丹利,史丹利,
002590.SZ,万安科技,万安科技,
002591.SZ,恒大高新,恒大高新,
002592.SZ,八菱科技,八菱科技,
002593.SZ,日上集团,日上集团,
002594.SZ,比亚迪,比亚迪,
002595.SZ,豪迈科技,豪迈科技,
002596.SZ,海南瑞泽,海南瑞泽,
002597.SZ,金禾实业,金禾实业,
002598.SZ,山东章鼓,山东章鼓,
002599.SZ,盛通股份,盛通股份,
002600.SZ,江粉磁材,江粉磁材,
002601.SZ,佰利联,佰利联,
002602.SZ,世纪华通,世纪华通,
002603.SZ,以岭药业,以岭药业,
002604.SZ,龙力生物,龙力生物,
002605.SZ,姚记扑克,姚记扑克,
002606.SZ,大连电瓷,大连电瓷,
002608.SZ,*ST舜船,*ST舜船,
002610.SZ,爱康科技,爱康科技,
002611.SZ,东方精工,东方精工,
002612.SZ,朗姿股份,朗姿股份,
002613.SZ,北玻股份,北玻股份,
002614.SZ,蒙发利,蒙发利,
002615.SZ,哈尔斯,哈尔斯,
002616.SZ,长青集团,长青集团,
002617.SZ,露笑科技,露笑科技,
002618.SZ,丹邦科技,丹邦科技,
002619.SZ,巨龙管业,巨龙管业,
002621.SZ,三垒股份,三垒股份,
002622.SZ,永大集团,永大集团,
002623.SZ,亚玛顿,亚玛顿,
002625.SZ,龙生股份,龙生股份,
002626.SZ,金达威,金达威,
002630.SZ,华西能源,华西能源,
002631.SZ,德尔未来,德尔未来,
002632.SZ,道明光学,道明光学,
002633.SZ,申科股份,申科股份,
002634.SZ,棒杰股份,棒杰股份,
002635.SZ,安洁科技,安洁科技,
002636.SZ,金安国纪,金安国纪,
002637.SZ,赞宇科技,赞宇科技,
002638.SZ,勤上光电,勤上光电,
002639.SZ,雪人股份,雪人股份,
002641.SZ,永高股份,永高股份,
002643.SZ,万润股份,万润股份,
002644.SZ,佛慈制药,佛慈制药,
002645.SZ,华宏科技,华宏科技,
002646.SZ,青青稞酒,青青稞酒,
002647.SZ,宏磊股份,宏磊股份,
002648.SZ,卫星石化,卫星石化,
200012.SZ,南玻B,南玻B,
200016.SZ,深康佳B,深康佳B,
200017.SZ,深中华B,深中华B,
200018.SZ,神州B,神州B,
200019.SZ,深深宝B,深深宝B,
200020.SZ,深华发B,深华发B,
200030.SZ,富奥B,富奥B,
200045.SZ,深纺织B,深纺织B,
200054.SZ,建摩B,建摩B,
200055.SZ,方大B,方大B,
200413.SZ,东旭B,东旭B,
200418.SZ,小天鹅B,小天鹅B,
200468.SZ,*ST宁通B,*ST宁通B,
200488.SZ,晨鸣B,晨鸣B,
200512.SZ,闽灿坤B,闽灿坤B,
200521.SZ,皖美菱B,皖美菱B,
200530.SZ,大冷B,大冷B,
200541.SZ,粤照明B,粤照明B,
200550.SZ,江铃B,江铃B,
200553.SZ,沙隆达B,沙隆达B,
200570.SZ,苏常柴B,苏常柴B,
200581.SZ,苏威孚B,苏威孚B,
200596.SZ,古井贡B,古井贡B,
200625.SZ,长安B,长安B,
200706.SZ,*ST瓦轴B,*ST瓦轴B,
200725.SZ,京东方B,京东方B,
200726.SZ,鲁泰B,鲁泰B,
200761.SZ,本钢板B,本钢板B,
200771.SZ,杭汽轮B,杭汽轮B,
200869.SZ,张裕B,张裕B,
200986.SZ,粤华包B,粤华包B,
300001.SZ,特锐德,特锐德,
300003.SZ,乐普医疗,乐普医疗,
300004.SZ,南风股份,南风股份,
300005.SZ,探路者,探路者,
300006.SZ,莱美药业,莱美药业,
300007.SZ,汉威电子,汉威电子,
300009.SZ,安科生物,安科生物,
300011.SZ,鼎汉技术,鼎汉技术,
300014.SZ,亿纬锂能,亿纬锂能,
300016.SZ,北陆药业,北陆药业,
300018.SZ,中元华电,中元华电,
300019.SZ,硅宝科技,硅宝科技,
300021.SZ,大禹节水,大禹节水,
300023.SZ,宝德股份,宝德股份,
300024.SZ,机器人,机器人,
300026.SZ,红日药业,红日药业,
300028.SZ,金亚科技,金亚科技,
300029.SZ,天龙光电,天龙光电,
300030.SZ,阳普医疗,阳普医疗,
300031.SZ,宝通科技,宝通科技,
300032.SZ,金龙机电,金龙机电,
300034.SZ,钢研高纳,钢研高纳,
300035.SZ,中科电气,中科电气,
300037.SZ,新宙邦,新宙邦,
300038.SZ,梅泰诺,梅泰诺,
300039.SZ,上海凯宝,上海凯宝,
300040.SZ,九洲电气,九洲电气,
300041.SZ,回天新材,回天新材,
300042.SZ,朗科科技,朗科科技,
300043.SZ,互动娱乐,互动娱乐,
300045.SZ,华力创通,华力创通,
300046.SZ,台基股份,台基股份,
300048.SZ,合康变频,合康变频,
300049.SZ,福瑞股份,福瑞股份,
300053.SZ,欧比特,欧比特,
300054.SZ,鼎龙股份,鼎龙股份,
300056.SZ,三维丝,三维丝,
300057.SZ,万顺股份,万顺股份,
300061.SZ,康耐特,康耐特,
300062.SZ,中能电气,中能电气,
300064.SZ,豫金刚石,豫金刚石,
300065.SZ,海兰信,海兰信,
300066.SZ,三川智慧,三川智慧,
300067.SZ,安诺其,安诺其,
300068.SZ,南都电源,南都电源,
300069.SZ,金利华电,金利华电,
300072.SZ,三聚环保,三聚环保,
300073.SZ,当升科技,当升科技,
300076.SZ,GQY视讯,GQY视讯,
300077.SZ,国民技术,国民技术,
300078.SZ,思创医惠,思创医惠,
300079.SZ,数码视讯,数码视讯,
300080.SZ,易成新能,易成新能,
300082.SZ,奥克股份,奥克股份,
300083.SZ,劲胜精密,劲胜精密,
300086.SZ,康芝药业,康芝药业,
300088.SZ,长信科技,长信科技,
300089.SZ,文化长城,文化长城,
300090.SZ,盛运环保,盛运环保,
300091.SZ,金通灵,金通灵,
300092.SZ,科新机电,科新机电,
300093.SZ,金刚玻璃,金刚玻璃,
300095.SZ,华伍股份,华伍股份,
300097.SZ,智云股份,智云股份,
300099.SZ,尤洛卡,尤洛卡,
300100.SZ,双林股份,双林股份,
300101.SZ,振芯科技,振芯科技,
300102.SZ,乾照光电,乾照光电,
300103.SZ,达刚路机,达刚路机,
300105.SZ,龙源技术,龙源技术,
300107.SZ,建新股份,建新股份,
300108.SZ,双龙股份,双龙股份,
300109.SZ,新开源,新开源,
300110.SZ,华仁药业,华仁药业,
300111.SZ,向日葵,向日葵,
300112.SZ,万讯自控,万讯自控,
300114.SZ,中航电测,中航电测,
300115.SZ,长盈精密,长盈精密,
300116.SZ,坚瑞消防,坚瑞消防,
300118.SZ,东方日升,东方日升,
300119.SZ,瑞普生物,瑞普生物,
300120.SZ,经纬电材,经纬电材,
300121.SZ,阳谷华泰,阳谷华泰,
300122.SZ,智飞生物,智飞生物,
300123.SZ,太阳鸟,太阳鸟,
300124.SZ,汇川技术,汇川技术,
300126.SZ,锐奇股份,锐奇股份,
300127.SZ,银河磁体,银河磁体,
300128.SZ,锦富新材,锦富新材,
300129.SZ,泰胜风能,泰胜风能,
300130.SZ,新国都,新国都,
300132.SZ,青松股份,青松股份,
300134.SZ,大富科技,大富科技,
300135.SZ,宝利国际,宝利国际,
300136.SZ,信维通信,信维通信,
300137.SZ,先河环保,先河环保,
300138.SZ,晨光生物,晨光生物,
300139.SZ,晓程科技,晓程科技,
300140.SZ,启源装备,启源装备,
300141.SZ,和顺电气,和顺电气,
300142.SZ,沃森生物,沃森生物,
300145.SZ,中金环境,中金环境,
300146.SZ,汤臣倍健,汤臣倍健,
300147.SZ,香雪制药,香雪制药,
300149.SZ,量子高科,量子高科,
300151.SZ,昌红科技,昌红科技,
300152.SZ,科融环境,科融环境,
300153.SZ,科泰电源,科泰电源,
300154.SZ,瑞凌股份,瑞凌股份,
300155.SZ,安居宝,安居宝,
300156.SZ,神雾环保,神雾环保,
300158.SZ,振东制药,振东制药,
300159.SZ,新研股份,新研股份,
300160.SZ,秀强股份,秀强股份,
300161.SZ,华中数控,华中数控,
300162.SZ,雷曼股份,雷曼股份,
300163.SZ,先锋新材,先锋新材,
300165.SZ,天瑞仪器,天瑞仪器,
300169.SZ,天晟新材,天晟新材,
300171.SZ,东富龙,东富龙,
300173.SZ,智慧松德,智慧松德,
300174.SZ,元力股份,元力股份,
300175.SZ,朗源股份,朗源股份,
300176.SZ,鸿特精密,鸿特精密,
300177.SZ,中海达,中海达,
300179.SZ,四方达,四方达,
300180.SZ,华峰超纤,华峰超纤,
300181.SZ,佐力药业,佐力药业,
300185.SZ,通裕重工,通裕重工,
300192.SZ,科斯伍德,科斯伍德,
300193.SZ,佳士科技,佳士科技,
300194.SZ,福安药业,福安药业,
300195.SZ,长荣股份,长荣股份,
300196.SZ,长海股份,长海股份,
300198.SZ,纳川股份,纳川股份,
300199.SZ,翰宇药业,翰宇药业,
300200.SZ,高盟新材,高盟新材,
300201.SZ,海伦哲,海伦哲,
300202.SZ,聚龙股份,聚龙股份,
300203.SZ,聚光科技,聚光科技,
300204.SZ,舒泰神,舒泰神,
300205.SZ,天喻信息,天喻信息,
300206.SZ,理邦仪器,理邦仪器,
300207.SZ,欣旺达,欣旺达,
300208.SZ,恒顺众N,恒顺众N,
300210.SZ,森远股份,森远股份,
300211.SZ,亿通科技,亿通科技,
300213.SZ,佳讯飞鸿,佳讯飞鸿,
300214.SZ,日科化学,日科化学,
300216.SZ,千山药机,千山药机,
300217.SZ,东方电热,东方电热,
300218.SZ,安利股份,安利股份,
300219.SZ,鸿利光电,鸿利光电,
300220.SZ,金运激光,金运激光,
300221.SZ,银禧科技,银禧科技,
300222.SZ,科大智能,科大智能,
300223.SZ,北京君正,北京君正,
300224.SZ,正海磁材,正海磁材,
300225.SZ,金力泰,金力泰,
300227.SZ,光韵达,光韵达,
300228.SZ,富瑞特装,富瑞特装,
300230.SZ,永利股份,永利股份,
300232.SZ,洲明科技,洲明科技,
300233.SZ,金城医药,金城医药,
300234.SZ,开尔新材,开尔新材,
300236.SZ,上海新阳,上海新阳,
300237.SZ,美晨科技,美晨科技,
300238.SZ,冠昊生物,冠昊生物,
300239.SZ,东宝生物,东宝生物,
300241.SZ,瑞丰光电,瑞丰光电,
300242.SZ,明家联合,明家联合,
300243.SZ,瑞丰高材,瑞丰高材,
300246.SZ,宝莱特,宝莱特,
300247.SZ,乐金健康,乐金健康,
300249.SZ,依米康,依米康,
300250.SZ,初灵信息,初灵信息,
300252.SZ,金信诺,金信诺,
300254.SZ,仟源医药,仟源医药,
300255.SZ,常山药业,常山药业,
300256.SZ,星星科技,星星科技,
300257.SZ,开山股份,开山股份,
300258.SZ,精锻科技,精锻科技,
300259.SZ,新天科技,新天科技,
300260.SZ,新莱应材,新莱应材,
300261.SZ,雅本化学,雅本化学,
300263.SZ,隆华节能,隆华节能,
300265.SZ,通光线缆,通光线缆,
300266.SZ,兴源环境,兴源环境,
300267.SZ,尔康制药,尔康制药,
300268.SZ,万福生科,万福生科,
300269.SZ,联建光电,联建光电,
300270.SZ,中威电子,中威电子,
300272.SZ,开能环保,开能环保,
300273.SZ,和佳股份,和佳股份,
300274.SZ,阳光电源,阳光电源,
300276.SZ,三丰智能,三丰智能,
300278.SZ,华昌达,华昌达,
300279.SZ,和晶科技,和晶科技,
300280.SZ,南通锻压,南通锻压,
300281.SZ,金明精机,金明精机,
300282.SZ,汇冠股份,汇冠股份,
600005.SH,武钢股份,武钢股份,
600006.SH,东风汽车,东风汽车,
600010.SH,包钢股份,包钢股份,
600019.SH,宝钢股份,宝钢股份,
600022.SH,山东钢铁,山东钢铁,
600031.SH,三一重工,三一重工,
600038.SH,中直股份,中直股份,
600055.SH,华润万东,华润万东,
600056.SH,中国医药,中国医药,
600059.SH,古越龙山,古越龙山,
600060.SH,海信电器,海信电器,
600062.SH,华润双鹤,华润双鹤,
600063.SH,皖维高新,皖维高新,
600066.SH,宇通客车,宇通客车,
600069.SH,银鸽投资,银鸽投资,
600070.SH,浙江富润,浙江富润,
600071.SH,凤凰光学,凤凰光学,
600072.SH,钢构工程,钢构工程,
600073.SH,上海梅林,上海梅林,
600074.SH,保千里,保千里,
600075.SH,新疆天业,新疆天业,
600076.SH,康欣新材,康欣新材,
600078.SH,澄星股份,澄星股份,
600079.SH,人福医药,人福医药,
600080.SH,金花股份,金花股份,
600081.SH,东风科技,东风科技,
600083.SH,博信股份,博信股份,
600084.SH,中葡股份,中葡股份,
600085.SH,同仁堂,同仁堂,
600086.SH,东方金钰,东方金钰,
600089.SH,特变电工,特变电工,
600090.SH,啤酒花,啤酒花,
600091.SH,ST明科,ST明科,
600093.SH,禾嘉股份,禾嘉股份,
600095.SH,哈高科,哈高科,
600096.SH,云天化,云天化,
600099.SH,林海股份,林海股份,
600100.SH,同方股份,同方股份,
600103.SH,青山纸业,青山纸业,
600104.SH,上汽集团,上汽集团,
600105.SH,永鼎股份,永鼎股份,
600107.SH,美尔雅,美尔雅,
600110.SH,诺德股份,诺德股份,
600111.SH,北方稀土,北方稀土,
600112.SH,天成控股,天成控股,
600114.SH,东睦股份,东睦股份,
600117.SH,西宁特钢,西宁特钢,
600118.SH,中国卫星,中国卫星,
600126.SH,杭钢股份,杭钢股份,
600127.SH,金健米业,金健米业,
600129.SH,太极集团,太极集团,
600130.SH,波导股份,波导股份,
600132.SH,重庆啤酒,重庆啤酒,
600135.SH,乐凯胶片,乐凯胶片,
600137.SH,浪莎股份,浪莎股份,
600141.SH,兴发集团,兴发集团,
600143.SH,金发科技,金发科技,
600145.SH,*ST新亿,*ST新亿,
600146.SH,商赢环球,商赢环球,
600148.SH,长春一东,长春一东,
600150.SH,中国船舶,中国船舶,
600151.SH,航天机电,航天机电,
600152.SH,维科精华,维科精华,
600155.SH,宝硕股份,宝硕股份,
600156.SH,华升股份,华升股份,
600160.SH,巨化股份,巨化股份,
600161.SH,天坛生物,天坛生物,
600165.SH,新日恒力,新日恒力,
600166.SH,福田汽车,福田汽车,
600169.SH,太原重工,太原重工,
600171.SH,上海贝岭,上海贝岭,
600172.SH,黄河旋风,黄河旋风,
600176.SH,中国巨石,中国巨石,
600178.SH,东安动力,东安动力,
600179.SH,*ST黑化,*ST黑化,
600182.SH,S佳通,S佳通,
600183.SH,生益科技,生益科技,
600184.SH,光电股份,光电股份,
600186.SH,莲花健康,莲花健康,
600189.SH,吉林森工,吉林森工,
600191.SH,华资实业,华资实业,
600192.SH,长城电工,长城电工,
600195.SH,中牧股份,中牧股份,
600196.SH,复星医药,复星医药,
600197.SH,伊力特,伊力特,
600198.SH,大唐电信,大唐电信,
600199.SH,金种子酒,金种子酒,
600201.SH,生物股份,生物股份,
600202.SH,哈空调,哈空调,
600206.SH,有研新材,有研新材,
600210.SH,紫江企业,紫江企业,
600211.SH,西藏药业,西藏药业,
600213.SH,亚星客车,亚星客车,
600216.SH,浙江医药,浙江医药,
600217.SH,秦岭水泥,秦岭水泥,
600218.SH,全柴动力,全柴动力,
600219.SH,南山铝业,南山铝业,
600220.SH,江苏阳光,江苏阳光,
600222.SH,太龙药业,太龙药业,
600226.SH,升华拜克,升华拜克,
600227.SH,赤天化,赤天化,
600228.SH,昌九生化,昌九生化,
600230.SH,*ST沧大,*ST沧大,
600231.SH,凌钢股份,凌钢股份,
600232.SH,金鹰股份,金鹰股份,
600233.SH,大杨创世,大杨创世,
600234.SH,*ST山水,*ST山水,
600235.SH,民丰特纸,民丰特纸,
600237.SH,铜峰电子,铜峰电子,
600243.SH,青海华鼎,青海华鼎,
600249.SH,两面针,两面针,
600251.SH,冠农股份,冠农股份,
600252.SH,中恒集团,中恒集团,
600255.SH,鑫科材料,鑫科材料,
600261.SH,阳光照明,阳光照明,
600262.SH,北方股份,北方股份,
600267.SH,海正药业,海正药业,
600268.SH,国电南自,国电南自,
600271.SH,航天信息,航天信息,
600273.SH,嘉化能源,嘉化能源,
600276.SH,恒瑞医药,恒瑞医药,
600277.SH,亿利洁能,亿利洁能,
600281.SH,太化股份,太化股份,
600282.SH,南钢股份,南钢股份,
600285.SH,羚锐制药,羚锐制药,
600288.SH,大恒科技,大恒科技,
600290.SH,华仪电气,华仪电气,
600291.SH,西水股份,西水股份,
600293.SH,三峡新材,三峡新材,
600295.SH,鄂尔多斯,鄂尔多斯,
600298.SH,安琪酵母,安琪酵母,
600299.SH,安迪苏,安迪苏,
600300.SH,维维股份,维维股份,
600301.SH,*ST南化,*ST南化,
600302.SH,标准股份,标准股份,
600303.SH,曙光股份,曙光股份,
600305.SH,恒顺醋业,恒顺醋业,
600307.SH,酒钢宏兴,酒钢宏兴,
600308.SH,华泰股份,华泰股份,
600309.SH,万华化学,万华化学,
600312.SH,平高电气,平高电气,
600315.SH,上海家化,上海家化,
600316.SH,洪都航空,洪都航空,
600318.SH,新力金融,新力金融,
600319.SH,*ST亚星,*ST亚星,
600320.SH,振华重工,振华重工,
600321.SH,国栋建设,国栋建设,
600328.SH,兰太实业,兰太实业,
600329.SH,中新药业,中新药业,
600330.SH,天通股份,天通股份,
600331.SH,宏达股份,宏达股份,
600332.SH,白云山,白云山,
600333.SH,长春燃气,长春燃气,
600336.SH,澳柯玛,澳柯玛,
600338.SH,西藏珠峰,西藏珠峰,
600339.SH,*ST天利,*ST天利,
600343.SH,航天动力,航天动力,
600345.SH,长江通信,长江通信,
600346.SH,*ST橡塑,*ST橡塑,
600351.SH,亚宝药业,亚宝药业,
600352.SH,浙江龙盛,浙江龙盛,
600353.SH,旭光股份,旭光股份,
600355.SH,精伦电子,精伦电子,
600356.SH,恒丰纸业,恒丰纸业,
600360.SH,华微电子,华微电子,
600362.SH,江西铜业,江西铜业,
600363.SH,联创光电,联创光电,
600365.SH,通葡股份,通葡股份,
600366.SH,宁波韵升,宁波韵升,
600367.SH,红星发展,红星发展,
600370.SH,三房巷,三房巷,
600372.SH,中航电子,中航电子,
600375.SH,*ST星马,*ST星马,
600378.SH,天科股份,天科股份,
600379.SH,宝光股份,宝光股份,
600380.SH,健康元,健康元,
600381.SH,青海春天,青海春天,
600385.SH,山东金泰,山东金泰,
600388.SH,龙净环保,龙净环保,
600389.SH,江山股份,江山股份,
600390.SH,*ST金瑞,*ST金瑞,
600391.SH,成发科技,成发科技,
600392.SH,盛和资源,盛和资源,
600398.SH,海澜之家,海澜之家,
600399.SH,抚顺特钢,抚顺特钢,
600400.SH,红豆股份,红豆股份,
600401.SH,海润光伏,海润光伏,
600405.SH,动力源,动力源,
600408.SH,安泰集团,安泰集团,
600409.SH,三友化工,三友化工,
600416.SH,湘电股份,湘电股份,
600418.SH,江淮汽车,江淮汽车,
600419.SH,天润乳业,天润乳业,
600420.SH,现代制药,现代制药,
600421.SH,仰帆控股,仰帆控股,
600422.SH,昆药集团,昆药集团,
600423.SH,柳化股份,柳化股份,
600425.SH,青松建化,青松建化,
600426.SH,华鲁恒升,华鲁恒升,
600429.SH,三元股份,三元股份,
600432.SH,*ST吉恩,*ST吉恩,
600433.SH,冠豪高新,冠豪高新,
600435.SH,北方导航,北方导航,
600436.SH,片仔癀,片仔癀,
600438.SH,通威股份,通威股份,
600439.SH,瑞贝卡,瑞贝卡,
600444.SH,国机通用,国机通用,
600448.SH,华纺股份,华纺股份,
600449.SH,宁夏建材,宁夏建材,
600456.SH,宝钛股份,宝钛股份,
600458.SH,时代新材,时代新材,
600459.SH,贵研铂业,贵研铂业,
600460.SH,士兰微,士兰微,
600462.SH,石岘纸业,石岘纸业,
600468.SH,百利电气,百利电气,
600469.SH,风神股份,风神股份,
600470.SH,六国化工,六国化工,
600475.SH,华光股份,华光股份,
600478.SH,科力远,科力远,
600479.SH,千金药业,千金药业,
600480.SH,凌云股份,凌云股份,
600481.SH,双良节能,双良节能,
600482.SH,风帆股份,风帆股份,
600485.SH,信威集团,信威集团,
600486.SH,扬农化工,扬农化工,
600487.SH,亨通光电,亨通光电,
600488.SH,天药股份,天药股份,
600490.SH,鹏欣资源,鹏欣资源,
600493.SH,凤竹纺织,凤竹纺织,
600495.SH,晋西车轴,晋西车轴,
600498.SH,烽火通信,烽火通信,
600499.SH,科达洁能,科达洁能,
600500.SH,中化国际,中化国际,
600501.SH,航天晨光,航天晨光,
600507.SH,方大特钢,方大特钢,
600513.SH,联环药业,联环药业,
600516.SH,方大炭素,方大炭素,
600517.SH,置信电气,置信电气,
600518.SH,康美药业,康美药业,
600519.SH,贵州茅台,贵州茅台,
600520.SH,*ST中发,*ST中发,
600521.SH,华海药业,华海药业,
600522.SH,中天科技,中天科技,
600523.SH,贵航股份,贵航股份,
600525.SH,长园集团,长园集团,
600526.SH,菲达环保,菲达环保,
600527.SH,江南高纤,江南高纤,
600529.SH,山东药玻,山东药玻,
600530.SH,交大昂立,交大昂立,
600531.SH,豫光金铅,豫光金铅,
600535.SH,天士力,天士力,
600537.SH,亿晶光电,亿晶光电,
600538.SH,国发股份,国发股份,
600539.SH,*ST狮头,*ST狮头,
600543.SH,莫高股份,莫高股份,
600549.SH,厦门钨业,厦门钨业,
600550.SH,保变电气,保变电气,
600552.SH,凯盛科技,凯盛科技,
600556.SH,慧球科技,慧球科技,
600557.SH,康缘药业,康缘药业,
600558.SH,大西洋,大西洋,
600559.SH,老白干酒,老白干酒,
600560.SH,金自天正,金自天正,
600562.SH,国睿科技,国睿科技,
600563.SH,法拉电子,法拉电子,
600566.SH,济川药业,济川药业,
600567.SH,山鹰纸业,山鹰纸业,
600568.SH,中珠控股,中珠控股,
600569.SH,安阳钢铁,安阳钢铁,
600572.SH,康恩贝,康恩贝,
600573.SH,惠泉啤酒,惠泉啤酒,
600577.SH,精达股份,精达股份,
600579.SH,天华院,天华院,
600580.SH,卧龙电气,卧龙电气,
600581.SH,*ST八钢,*ST八钢,
600582.SH,天地科技,天地科技,
600584.SH,长电科技,长电科技,
600585.SH,海螺水泥,海螺水泥,
600586.SH,金晶科技,金晶科技,
600587.SH,新华医疗,新华医疗,
600589.SH,广东榕泰,广东榕泰,
600590.SH,泰豪科技,泰豪科技,
600592.SH,龙溪股份,龙溪股份,
600594.SH,益佰制药,益佰制药,
600595.SH,中孚实业,中孚实业,
600596.SH,新安股份,新安股份,
600597.SH,光明乳业,光明乳业,
600599.SH,熊猫金控,熊猫金控,
600600.SH,青岛啤酒,青岛啤酒,
600601.SH,方正科技,方正科技,
600602.SH,仪电电子,仪电电子,
600608.SH,ST沪科,ST沪科,
600609.SH,金杯汽车,金杯汽车,
600612.SH,老凤祥,老凤祥,
600613.SH,神奇制药,神奇制药,
600614.SH,鼎立股份,鼎立股份,
600615.SH,丰华股份,丰华股份,
600616.SH,金枫酒业,金枫酒业,
600618.SH,氯碱化工,氯碱化工,
600619.SH,海立股份,海立股份,
600623.SH,双钱股份,双钱股份,
600630.SH,龙头股份,龙头股份,
600634.SH,中技控股,中技控股,
600636.SH,三爱富,三爱富,
600651.SH,飞乐音响,飞乐音响,
600660.SH,福耀玻璃,福耀玻璃,
600664.SH,哈药股份,哈药股份,
600666.SH,奥瑞德,奥瑞德,
600667.SH,太极实业,太极实业,
600668.SH,尖峰集团,尖峰集团,
600671.SH,天目药业,天目药业,
600673.SH,东阳光科,东阳光科,
600678.SH,四川金顶,四川金顶,
600679.SH,上海凤凰,上海凤凰,
600680.SH,上海普天,上海普天,
600685.SH,中船防务,中船防务,
600686.SH,金龙汽车,金龙汽车,
600687.SH,刚泰控股,刚泰控股,
600688.SH,上海石化,上海石化,
600689.SH,上海三毛,上海三毛,
600690.SH,青岛海尔,青岛海尔,
600691.SH,阳煤化工,阳煤化工,
600695.SH,绿庭投资,绿庭投资,
600698.SH,湖南天雁,湖南天雁,
600699.SH,均胜电子,均胜电子,
600702.SH,沱牌舍得,沱牌舍得,
600703.SH,三安光电,三安光电,
600707.SH,彩虹股份,彩虹股份,
600710.SH,*ST常林,*ST常林,
600715.SH,文投控股,文投控股,
600720.SH,祁连山,祁连山,
600721.SH,*ST百花,*ST百花,
600722.SH,金牛化工,金牛化工,
600725.SH,*ST云维,*ST云维,
600727.SH,鲁北化工,鲁北化工,
600731.SH,湖南海利,湖南海利,
600735.SH,新华锦,新华锦,
600737.SH,中粮屯河,中粮屯河,
600740.SH,山西焦化,山西焦化,
600741.SH,华域汽车,华域汽车,
600742.SH,一汽富维,一汽富维,
600746.SH,江苏索普,江苏索普,
600750.SH,江中药业,江中药业,
600760.SH,*ST黑豹,*ST黑豹,
600761.SH,安徽合力,安徽合力,
600765.SH,中航重机,中航重机,
600768.SH,宁波富邦,宁波富邦,
600769.SH,祥龙电业,祥龙电业,
600771.SH,广誉远,广誉远,
600775.SH,南京熊猫,南京熊猫,
600776.SH,东方通信,东方通信,
600779.SH,*ST水井,*ST水井,
600781.SH,辅仁药业,辅仁药业,
600782.SH,新钢股份,新钢股份,
600789.SH,鲁抗医药,鲁抗医药,
600792.SH,云煤能源,云煤能源,
600793.SH,ST宜纸,ST宜纸,
600796.SH,钱江生化,钱江生化,
600800.SH,天津磁卡,天津磁卡,
600801.SH,华新水泥,华新水泥,
600802.SH,福建水泥,福建水泥,
600803.SH,新奥股份,新奥股份,
600806.SH,*ST昆机,*ST昆机,
600808.SH,马钢股份,马钢股份,
600809.SH,山西汾酒,山西汾酒,
600810.SH,神马股份,神马股份,
600812.SH,华北制药,华北制药,
600815.SH,厦工股份,厦工股份,
600818.SH,中路股份,中路股份,
600819.SH,耀皮玻璃,耀皮玻璃,
600835.SH,上海机电,上海机电,
600836.SH,界龙实业,界龙实业,
600839.SH,四川长虹,四川长虹,
600841.SH,上柴股份,上柴股份,
600843.SH,上工申贝,上工申贝,
600844.SH,丹化科技,丹化科技,
600847.SH,万里股份,万里股份,
600851.SH,海欣股份,海欣股份,
600854.SH,春兰股份,春兰股份,
600855.SH,航天长峰,航天长峰,
600860.SH,京城股份,京城股份,
600866.SH,*ST星湖,*ST星湖,
600867.SH,通化东宝,通化东宝,
600869.SH,智慧能源,智慧能源,
600870.SH,厦华电子,厦华电子,
600872.SH,中炬高新,中炬高新,
600873.SH,梅花生物,梅花生物,
600875.SH,东方电气,东方电气,
600876.SH,洛阳玻璃,洛阳玻璃,
600877.SH,中国嘉陵,中国嘉陵,
600879.SH,航天电子,航天电子,
600881.SH,亚泰集团,亚泰集团,
600883.SH,博闻科技,博闻科技,
600884.SH,杉杉股份,杉杉股份,
600885.SH,宏发股份,宏发股份,
600887.SH,伊利股份,伊利股份,
600888.SH,新疆众和,新疆众和,
600889.SH,南京化纤,南京化纤,
600893.SH,中航动力,中航动力,
600894.SH,广日股份,广日股份,
600960.SH,渤海活塞,渤海活塞,
600961.SH,株冶集团,株冶集团,
600962.SH,国投中鲁,国投中鲁,
600963.SH,岳阳林纸,岳阳林纸,
600966.SH,博汇纸业,博汇纸业,
600967.SH,北方创业,北方创业,
600970.SH,中材国际,中材国际,
600973.SH,宝胜股份,宝胜股份,
600978.SH,宜华木业,宜华木业,
600980.SH,北矿磁材,北矿磁材,
600983.SH,惠而浦,惠而浦,
600984.SH,*ST建机,*ST建机,
600985.SH,雷鸣科化,雷鸣科化,
600987.SH,航民股份,航民股份,
600990.SH,四创电子,四创电子,
600992.SH,贵绳股份,贵绳股份,
600997.SH,开滦股份,开滦股份,
601002.SH,晋亿实业,晋亿实业,
601003.SH,柳钢股份,柳钢股份,
601005.SH,重庆钢铁,重庆钢铁,
601011.SH,宝泰隆,宝泰隆,
601028.SH,玉龙股份,玉龙股份,
601058.SH,赛轮金宇,赛轮金宇,
601100.SH,恒立液压,恒立液压,
601106.SH,中国一重,中国一重,
601113.SH,华鼎股份,华鼎股份,
601126.SH,四方股份,四方股份,
601137.SH,博威合金,博威合金,
601177.SH,杭齿前进,杭齿前进,
601179.SH,中国西电,中国西电,
601208.SH,东材科技,东材科技,
601216.SH,君正集团,君正集团,
601218.SH,吉鑫科技,吉鑫科技,
601222.SH,林洋能源,林洋能源,
601233.SH,桐昆股份,桐昆股份,
601311.SH,骆驼股份,骆驼股份,
601369.SH,陕鼓动力,陕鼓动力,
601558.SH,华锐风电,华锐风电,
601566.SH,九牧王,九牧王,
601567.SH,三星医疗,三星医疗,
601599.SH,鹿港科技,鹿港科技,
601600.SH,中国铝业,中国铝业,
601616.SH,广电电气,广电电气,
601633.SH,长城汽车,长城汽车,
601636.SH,旗滨集团,旗滨集团,
601677.SH,明泰铝业,明泰铝业,
601678.SH,滨化股份,滨化股份,
601700.SH,风范股份,风范股份,
601717.SH,郑煤机,郑煤机,
601718.SH,际华集团,际华集团,
601727.SH,上海电气,上海电气,
601766.SH,中国中车,中国中车,
601777.SH,力帆股份,力帆股份,
601798.SH,蓝科高新,蓝科高新,
601799.SH,星宇股份,星宇股份,
601877.SH,正泰电器,正泰电器,
601890.SH,亚星锚链,亚星锚链,
601908.SH,京运通,京运通,
601989.SH,中国重工,中国重工,
601992.SH,金隅股份,金隅股份,
601996.SH,丰林集团,丰林集团,
900901.SH,仪电B股,仪电B股,
900904.SH,神奇B股,神奇B股,
900905.SH,老凤祥B,老凤祥B,
900907.SH,鼎立B股,鼎立B股,
900908.SH,氯碱B股,氯碱B股,
900909.SH,双钱B股,双钱B股,
900910.SH,海立B股,海立B股,
900915.SH,中路B股,中路B股,
900916.SH,凤凰B股,凤凰B股,
900917.SH,海欣B股,海欣B股,
900918.SH,耀皮B股,耀皮B股,
900919.SH,绿庭B股,绿庭B股,
900920.SH,上柴B股,上柴B股,
900921.SH,丹科B股,丹科B股,
900922.SH,三毛B股,三毛B股,
900924.SH,上工B股,上工B股,
900925.SH,机电B股,机电B股,
900930.SH,沪普天B,沪普天B,
900933.SH,华新B股,华新B股,
900936.SH,鄂资B股,鄂资B股,
900941.SH,东信B股,东信B股,
900946.SH,天雁B股,天雁B股,
900947.SH,振华B股,振华B股,
900951.SH,大化B股,大化B股,
900953.SH,凯马B,凯马B,
900956.SH,东贝B股,东贝B股,
000409.SZ,山东地矿,山东地矿,13
000426.SZ,兴业矿业,兴业矿业,
000506.SZ,中润资源,中润资源,
000552.SZ,靖远煤电,靖远煤电,
000571.SZ,新大洲A,新大洲A,
000603.SZ,盛达矿业,盛达矿业,
000629.SZ,*ST钒钛,*ST钒钛,
000655.SZ,金岭矿业,金岭矿业,
000688.SZ,建新矿业,建新矿业,
000693.SZ,ST华泽,ST华泽,
000697.SZ,炼石有色,炼石有色,
000758.SZ,中色股份,中色股份,
000762.SZ,西藏矿业,西藏矿业,
000780.SZ,平庄能源,平庄能源,
000813.SZ,天山纺织,天山纺织,
000937.SZ,冀中能源,冀中能源,
000968.SZ,*ST煤气,*ST煤气,
000975.SZ,银泰资源,银泰资源,
000983.SZ,西山煤电,西山煤电,
002128.SZ,露天煤业,露天煤业,
002155.SZ,湖南黄金,湖南黄金,
002207.SZ,准油股份,准油股份,
002554.SZ,惠博普,惠博普,
002629.SZ,仁智油服,仁智油服,
300084.SZ,海默科技,海默科技,
300157.SZ,恒泰艾普,恒泰艾普,
300164.SZ,通源石油,通源石油,
300191.SZ,潜能恒信,潜能恒信,
600028.SH,中国石化,中国石化,
600121.SH,郑州煤电,郑州煤电,
600123.SH,兰花科创,兰花科创,
600139.SH,西部资源,西部资源,
600157.SH,永泰能源,永泰能源,
600188.SH,兖州煤业,兖州煤业,
600193.SH,创兴资源,创兴资源,
600256.SH,广汇能源,广汇能源,
600259.SH,广晟有色,广晟有色,
600311.SH,荣华实业,荣华实业,
600348.SH,阳泉煤业,阳泉煤业,
600395.SH,盘江股份,盘江股份,
600397.SH,安源煤业,安源煤业,
600403.SH,大有能源,大有能源,
600489.SH,中金黄金,中金黄金,
600497.SH,驰宏锌锗,驰宏锌锗,
600508.SH,上海能源,上海能源,
600532.SH,宏达矿业,宏达矿业,
600547.SH,山东黄金,山东黄金,
600583.SH,海油工程,海油工程,
600711.SH,盛屯矿业,盛屯矿业,
600714.SH,金瑞矿业,金瑞矿业,
600759.SH,洲际油气,洲际油气,
600766.SH,园城黄金,园城黄金,
600871.SH,石化油服,石化油服,
600882.SH,华联矿业,华联矿业,
600971.SH,恒源煤电,恒源煤电,
600988.SH,赤峰黄金,赤峰黄金,
601001.SH,大同煤业,大同煤业,
601088.SH,中国神华,中国神华,
601101.SH,昊华能源,昊华能源,
601168.SH,西部矿业,西部矿业,
601666.SH,平煤股份,平煤股份,
601699.SH,潞安环能,潞安环能,
601808.SH,中海油服,中海油服,
601857.SH,中国石油,中国石油,
601898.SH,中煤能源,中煤能源,
601899.SH,紫金矿业,紫金矿业,
601918.SH,*ST新集,*ST新集,
601958.SH,金钼股份,金钼股份,
900948.SH,伊泰B股,伊泰B股,
000592.SZ,平潭发展,平潭发展,14
000713.SZ,丰乐种业,丰乐种业,
000735.SZ,罗牛山,罗牛山,
000798.SZ,中水渔业,中水渔业,
000998.SZ,隆平高科,隆平高科,
002041.SZ,登海种业,登海种业,
002069.SZ,*ST獐岛,*ST獐岛,
002086.SZ,东方海洋,东方海洋,
002200.SZ,云投生态,云投生态,
002234.SZ,民和股份,民和股份,
002299.SZ,圣农发展,圣农发展,
002321.SZ,华英农业,华英农业,
002447.SZ,壹桥海参,壹桥海参,
002458.SZ,益生股份,益生股份,
002477.SZ,雏鹰农牧,雏鹰农牧,
002505.SZ,大康牧业,大康牧业,
200992.SZ,中鲁B,中鲁B,
300087.SZ,荃银高科,荃银高科,
300094.SZ,国联水产,国联水产,
300106.SZ,西部牧业,西部牧业,
300143.SZ,星河生物,星河生物,
300189.SZ,神农基因,神农基因,
600097.SH,开创国际,开创国际,
600108.SH,亚盛集团,亚盛集团,
600257.SH,大湖股份,大湖股份,
600265.SH,*ST景谷,*ST景谷,
600313.SH,农发种业,农发种业,
600354.SH,敦煌种业,敦煌种业,
600359.SH,新农开发,新农开发,
600371.SH,万向德农,万向德农,
600467.SH,好当家,好当家,
600506.SH,香梨股份,香梨股份,
600540.SH,新赛股份,新赛股份,
600598.SH,北大荒,北大荒,
600965.SH,福成股份,福成股份,
600975.SH,新五丰,新五丰,
601118.SH,海南橡胶,海南橡胶,
